truth_x,truth_y,truth_z,truth_vx,truth_vy,truth_vz,truth_roll,truth_pitch,truth_yaw,f_mode,armed,time_ms,imu_seq,cont_seq,log_seq,dt,imu_dt,hal_dt,rc_thr,rc_roll,rc_pitch,rc_yaw,t_roll,t_pitch,t_yaw,g_roll,g_pitch,g_yaw,g_mag,a_X,a_Y,a_Z,a_roll,a_pitch,cor_roll,cor_pitch,err_roll,err_pitch,est_roll,est_pitch,est_yaw,gyr_b_x,gyr_b_y,gyr_b_z,accel_m,accel_w,ahrs_v,c_roll,c_pitch,c_yaw,m1,m2,m3,m4
0,-0,0.0535,0,-0,0.001,0,0,-0,1,0,2400,0,0,0,0,0.002,0,0,0,0,0,0,0,0,-0.0001,0.0053,0.0001,0.0053,0.0697,0.0217,9.7532,0.0022,-0.0071,0,0,0,0,0.0012,-0.0003,-0.0004,0,0,0,9.7535,0.9492,1,0,0,0,0,0,0,0
0,-0,0.0537,0,-0,0.001,0,0,-0,1,0,2600,0,0,0,0,0.002,0,0,0,0,0,0,0,0,-0.0019,0.003,-0.0075,0.0083,0.0314,0.0408,9.7589,0.0042,-0.0032,0,0,0,0,0.0022,-0.0003,-0.0009,0,0,0,9.759,0.96,1,0,0,0,0,0,0,0
0,-0,0.0539,0,-0,0.001,0,0,-0,1,0,2800,0,0,0,0,0.002,0,0,0,0,0,0,0,0,-0.0011,0.0031,-0.0091,0.0096,0.0516,0.0186,9.7436,0.0019,-0.0053,0,0,0,0,0.0034,-0.0001,-0.0009,0,0,0,9.7438,0.9458,1,0,0,0,0,0,0,0
0,-0,0.0541,-0,-0,0.001,0,0,-0,1,0,3000,0,0,0,0,0.002,0,0,0,0,0,0,0,0,0.0047,-0.005,0.0098,0.012,0.054,0.027,9.7504,0.0028,-0.0055,0,0,0,0,0.004,-0.0003,-0.0012,0,0,0,9.7506,0.9505,1,0,0,0,0,0,0,0
0,-0,0.0543,0,-0,0.001,0,0,-0,1,0,3200,0,0,0,0,0.002,0,0,0,0,0,0,0,0,0.0017,0.0089,0.0001,0.009,0.0568,0.0214,9.7465,0.0022,-0.0058,0,0,0,0,0.0054,0.0004,-0.0017,0,0,0,9.7467,0.9444,1,0,0,0,0,0,0,0
0,-0,0.0545,0,-0,0.001,0,0,-0,1,0,3400,0,0,0,0,0.002,0,0,0,0,0,0,0,0,0.0027,0.0044,-0.0042,0.0067,0.0396,0.0315,9.7464,0.0032,-0.0041,0,0,0,0,0.0064,0.0008,-0.0019,0,0,0,9.7465,0.9469,1,0,0,0,0,0,0,0
0,-0,0.0547,0,-0,0.001,0,0,-0,1,0,3600,0,0,0,0,0.002,0,0,0,0,0,0,0,0,0.0046,0.0022,-0.0007,0.0052,0.0521,0.0251,9.7379,0.0026,-0.0053,0,0,0,0,0.0071,0.0009,-0.0023,0,0,0,9.7381,0.9371,1,0,0,0,0,0,0,0
0,-0,0.0548,0,-0,0.001,0,0,-0,1,0,3800,0,0,0,0,0.002,0,0,0,0,0,0,0,0,0.0091,0.005,-0.0132,0.0168,0.0359,0.0281,9.7367,0.0029,-0.0037,0,0,0,0,0.0076,0.001,-0.0024,0,0,0,9.7368,0.9383,1,0,0,0,0,0,0,0
0,-0,0.055,0,-0,0.0002,0,0,-0,1,0,4000,0,0,0,0,0.002,0,0,0,0,0,0,0,0,0.0069,0.0013,0.0062,0.0094,0.056,0.039,9.7471,0.004,-0.0057,0,0,0,0,0.0085,0.0011,-0.0023,0,0,0,9.7473,0.9423,1,0,0,0,0,0,0,0
0,-0,0.055,0,0,0.0001,0,0,-0,1,0,4200,0,0,0,0,0.002,0,0,0,0,0,0,0,0,0.0098,-0.0029,-0.0072,0.0125,0.0391,0.0485,9.7445,0.005,-0.004,0,0,0,0,0.009,0.0009,-0.0027,0,0,0,9.7447,0.9443,1,0,0,0,0,0,0,0
0,-0,0.055,0,0,0,0,0,-0,1,0,4400,0,0,0,0,0.002,0,0,0,0,0,0,0,0,0.0176,0.0111,-0.0163,0.0265,0.0508,0.024,9.7464,0.0025,-0.0052,0,0,0,0,0.0093,0.0011,-0.0029,0,0,0,9.7466,0.9394,1,0,0,0,0,0,0,0
0,-0,0.055,0,0,0,0,0,-0,1,0,4600,0,0,0,0,0.002,0,0,0,0,0,0,0,0,-0.0027,0.0003,0.0062,0.0068,0.0529,0.0458,9.7222,0.0047,-0.0054,0,0,0,0,0.0085,0.0004,-0.003,0,0,0,9.7224,0.9281,1,0,0,0,0,0,0,0
0,-0,0.055,0,0,0,0,0,-0,1,0,4800,0,0,0,0,0.002,0,0,0,0,0,0,0,0,-0.0124,0.0004,-0.004,0.0131,0.0187,0.0473,9.7528,0.0048,-0.0019,0,0,0,0,0.0079,-0.0006,-0.0032,0,0,0,9.753,0.9563,1,0,0,0,0,0,0,0
0,-0,0.055,0,0,0,0,0,-0,1,0,5000,0,0,0,0,0.002,0,0,0,0,0,0,0,0,-0.0073,0.0047,-0.0138,0.0163,0.0659,0.0148,9.7363,0.0015,-0.0068,0,0,0,0,0.0073,-0.0011,-0.0038,0,0,0,9.7366,0.9353,1,0,0,0,0,0,0,0
0,-0,0.055,0,0,0,0,0,-0,1,0,5200,0,0,0,0,0.002,0,0,0,0,0,0,0,0,-0.0038,-0.0024,0.014,0.0147,0.0624,0.0491,9.7457,0.005,-0.0064,0,0,0,0,0.0066,-0.0019,-0.0037,0,0,0,9.7461,0.9488,1,0,0,0,0,0,0,0
0,-0,0.055,0,0,0,0,0,-0,1,0,5400,0,0,0,0,0.002,0,0,0,0,0,0,0,0,0.0053,-0.0019,0.0012,0.0057,0.0416,0.0366,9.761,0.0037,-0.0043,0,0,0,0,0.0059,-0.0026,-0.0038,0,0,0,9.7612,0.9632,1,0,0,0,0,0,0,0
0,-0,0.055,0,0,0,0,0,-0,1,0,5600,0,0,0,0,0.002,0,0,0,0,0,0,0,0,-0.0065,-0.009,-0.0044,0.0119,0.0643,0.0476,9.7304,0.0049,-0.0066,0,0,0,0,0.0058,-0.0028,-0.0041,0,0,0,9.7307,0.9401,1,0,0,0,0,0,0,0
0,-0,0.055,0,0,0,0,0,-0,1,0,5800,0,0,0,0,0.002,0,0,0,0,0,0,0,0,0.0129,0.0036,0.0089,0.0161,0.0488,0.0528,9.748,0.0054,-0.005,0,0,0,0,0.0056,-0.0031,-0.0042,0,0,0,9.7483,0.9563,1,0,0,0,0,0,0,0
0,-0,0.055,0,0,0,0,0,-0,1,0,6000,0,0,0,0,0.002,0,0,0,0,0,0,0,0,-0.0016,-0.0018,-0,0.0024,0.05,0.0509,9.738,0.0052,-0.0051,0,0,0,0,0.0056,-0.0033,-0.0038,0,0,0,9.7383,0.9497,1,0,0,0,0,0,0,0
0,-0,0.055,0,0,0,0,0,-0,1,0,6200,0,0,0,0,0.002,0,0,0,0,0,0,0,0,0.004,-0.0062,0.0083,0.0111,0.0468,0.0511,9.7455,0.0052,-0.0048,0,0,0,0,0.0051,-0.0037,-0.0036,0,0,0,9.7457,0.9562,1,0,0,0,0,0,0,0
0,-0,0.055,0,0,0,0,0,-0,1,0,6400,0,0,0,0,0.002,0,0,0,0,0,0,0,0,-0.0019,0.0043,0.0065,0.008,0.0495,0.0455,9.7485,0.0047,-0.0051,0,0,0,0,0.0047,-0.004,-0.0034,0,0,0,9.7487,0.9584,1,0,0,0,0,0,0,0
0,-0,0.055,0,0,0,0,0,-0,1,0,6600,0,0,0,0,0.002,0,0,0,0,0,0,0,0,-0.0046,-0.0009,0.0027,0.0054,0.0428,0.0414,9.7671,0.0042,-0.0044,0,0,0,0,0.0047,-0.0043,-0.0036,0,0,0,9.7673,0.9725,1,0,0,0,0,0,0,0
0,-0,0.055,0,0,0,0,0,-0,1,0,6800,0,0,0,0,0.002,0,0,0,0,0,0,0,0,0.003,0.0015,0.0027,0.0043,0.0516,0.0506,9.7326,0.0052,-0.0053,0,0,0,0,0.0048,-0.0044,-0.0039,0,0,0,9.7329,0.9479,1,0,0,0,0,0,0,0
0,-0,0.055,0,0,0,0,0,-0,1,0,7000,0,0,0,0,0.002,0,0,0,0,0,0,0,0,0.0135,0.0007,-0.0026,0.0138,0.0496,0.0404,9.759,0.0041,-0.0051,0,0,0,0,0.0048,-0.0047,-0.0046,0,0,0,9.7592,0.9667,1,0,0,0,0,0,0,0
0,-0,0.055,0,0,0,0,0,-0,1,0,7200,0,0,0,0,0.002,0,0,0,0,0,0,0,0,0.0145,0.0053,-0.0069,0.0169,0.0695,0.0523,9.7774,0.0054,-0.0071,0,0,0,0,0.0053,-0.0044,-0.005,0,0,0,9.7778,0.9745,1,0,0,0,0,0,0,0
0,-0,0.055,0,0,0,0,0,-0,1,0,7400,0,0,0,0,0.002,0,0,0,0,0,0,0,0,-0.0031,0.0011,0.0042,0.0053,0.0522,0.0324,9.7514,0.0033,-0.0054,0,0,0,0,0.005,-0.0042,-0.0051,0,0,0,9.7516,0.9583,1,0,0,0,0,0,0,0
0,-0,0.055,0,0,0,0,0,-0,1,0,7600,0,0,0,0,0.002,0,0,0,0,0,0,0,0,0.0003,-0.011,-0.0012,0.0111,0.0403,0.0424,9.7452,0.0044,-0.0041,0,0,0,0,0.0049,-0.0044,-0.0046,0,0,0,9.7454,0.9573,1,0,0,0,0,0,0,0
0,-0,0.055,0,0,0,0,0,-0,1,0,7800,0,0,0,0,0.002,0,0,0,0,0,0,0,0,-0.0011,-0.0046,-0.0023,0.0053,0.0385,0.0369,9.7569,0.0038,-0.0039,0,0,0,0,0.0047,-0.0048,-0.0042,0,0,0,9.757,0.9637,1,0,0,0,0,0,0,0
0,-0,0.055,0,0,0,0,0,-0,1,0,8000,0,0,0,0,0.002,0,0,0,0,0,0,0,0,0.0043,-0,-0.0103,0.0112,0.0352,0.0256,9.7332,0.0026,-0.0036,0,0,0,0,0.0044,-0.0046,-0.0039,0,0,0,9.7333,0.9459,1,0,0,0,0,0,0,0
0,-0,0.055,0,0,0,0,0,-0,1,0,8200,0,0,0,0,0.002,0,0,0,0,0,0,0,0,0.0031,0.0034,0.0124,0.0132,0.0224,0.0579,9.7464,0.0059,-0.0023,0,0,0,0,0.0041,-0.0048,-0.0035,0,0,0,9.7466,0.9526,1,0,0,0,0,0,0,0
0,-0,0.055,0,0,0,0,0,-0,1,0,8400,0,0,0,0,0.002,0,0,0,0,0,0,0,0,-0.0116,-0.0035,0.0033,0.0126,0.0661,0.0228,9.7436,0.0023,-0.0068,0,0,0,0,0.0037,-0.0048,-0.0034,0,0,0,9.7438,0.9521,1,0,0,0,0,0,0,0
0,-0,0.055,0,0,0,0,0,-0,1,0,8600,0,0,0,0,0.002,0,0,0,0,0,0,0,0,-0.0078,0.001,0.0033,0.0085,0.0552,0.0188,9.7515,0.0019,-0.0057,0,0,0,0,0.0037,-0.0047,-0.0034,0,0,0,9.7517,0.9584,1,0,0,0,0,0,0,0
0,-0,0.055,0,0,0,0,0,-0,1,0,8800,0,0,0,0,0.002,0,0,0,0,0,0,0,0,0.0012,-0.0025,0.0052,0.0059,0.054,0.0351,9.7304,0.0036,-0.0055,0,0,0,0,0.0039,-0.0052,-0.0035,0,0,0,9.7306,0.9471,1,0,0,0,0,0,0,0
0,-0,0.055,0,0,0,0,0,-0,1,0,9000,0,0,0,0,0.002,0,0,0,0,0,0,0,0,0.0028,-0.0025,0.0052,0.0064,0.0558,0.0532,9.7458,0.0055,-0.0057,0,0,0,0,0.0043,-0.005,-0.0035,0,0,0,9.7461,0.9561,1,0,0,0,0,0,0,0
0,-0,0.055,0,0,0,0,0,-0,1,0,9200,0,0,0,0,0.002,0,0,0,0,0,0,0,0,-0.0044,0.0045,0.0046,0.0078,0.0487,0.0309,9.7519,0.0032,-0.005,0,0,0,0,0.0039,-0.0047,-0.0038,0,0,0,9.7521,0.9611,1,0,0,0,0,0,0,0
0,-0,0.055,0,0,0,0,0,-0,1,0,9400,0,0,0,0,0.002,0,0,0,0,0,0,0,0,-0.0044,0.0042,0.0085,0.0105,0.0405,0.042,9.7462,0.0043,-0.0042,0,0,0,0,0.0042,-0.0043,-0.0038,0,0,0,9.7464,0.959,1,0,0,0,0,0,0,0
0,-0,0.055,0,0,0,0,0,-0,1,0,9600,0,0,0,0,0.002,0,0,0,0,0,0,0,0,-0.0027,0.0045,0.0111,0.0123,0.0499,0.0368,9.747,0.0038,-0.0051,0,0,0,0,0.0043,-0.0043,-0.0038,0,0,0,9.7472,0.9575,1,0,0,0,0,0,0,0
0,-0,0.055,0,0,0,0,0,-0,1,0,9800,0,0,0,0,0.002,0,0,0,0,0,0,0,0,-0.003,0.0043,-0.0059,0.0079,0.0609,0.0291,9.7253,0.003,-0.0063,0,0,0,0,0.004,-0.0045,-0.0036,0,0,0,9.7255,0.9406,1,0,0,0,0,0,0,0
0,-0,0.055,0,0,0,0,0,-0,1,0,10000,0,0,0,0,0.002,0,0,0,0,0,0,0,0,0.0039,-0.005,-0.0062,0.0089,0.0546,0.0325,9.736,0.0033,-0.0056,0,0,0,0,0.0042,-0.0044,-0.0041,0,0,0,9.7362,0.949,1,0,0,0,0,0,0,0
0,-0,0.055,0,0,0,0,0,-0,1,0,10200,0,0,0,0,0.002,0,0,0,0,0,0,0,0,-0.0044,-0.0037,-0.0041,0.007,0.0319,0.0429,9.7563,0.0044,-0.0033,0,0,0,0,0.0045,-0.0047,-0.0043,0,0,0,9.7565,0.9631,1,0,0,0,0,0,0,0
0,-0,0.055,0,0,0,0,0,-0,1,0,10400,0,0,0,0,0.002,0,0,0,0,0,0,0,0,0.0058,0.0119,-0.0015,0.0133,0.0482,0.0413,9.728,0.0042,-0.005,0,0,0,0,0.0039,-0.0048,-0.0048,0,0,0,9.7282,0.9459,1,0,0,0,0,0,0,0
0,-0,0.055,0,0,0,0,0,-0,1,0,10600,0,0,0,0,0.002,0,0,0,0,0,0,0,0,0.0044,0.0016,0.0071,0.0085,0.0549,0.0466,9.732,0.0048,-0.0056,0,0,0,0,0.0043,-0.0048,-0.0044,0,0,0,9.7322,0.9475,1,0,0,0,0,0,0,0
0,-0,0.055,0,0,0,0,0,-0,1,0,10800,0,0,0,0,0.002,0,0,0,0,0,0,0,0,-0.0026,0.0067,-0.0102,0.0125,0.0477,0.0491,9.7695,0.005,-0.0049,0,0,0,0,0.0042,-0.0047,-0.0045,0,0,0,9.7698,0.9733,1,0,0,0,0,0,0,0
0,-0,0.055,0,0,0,0,0,-0,1,0,11000,0,0,0,0,0.002,0,0,0,0,0,0,0,0,0.0007,-0.01,-0.0007,0.01,0.0187,0.0436,9.7393,0.0045,-0.0019,0,0,0,0,0.0039,-0.0042,-0.004,0,0,0,9.7394,0.9493,1,0,0,0,0,0,0,0
0,-0,0.055,0,0,0,0,0,-0,1,0,11200,0,0,0,0,0.002,0,0,0,0,0,0,0,0,0.0045,-0.0096,0.0082,0.0134,0.0471,0.0563,9.748,0.0058,-0.0048,0,0,0,0,0.0038,-0.0047,-0.0044,0,0,0,9.7483,0.9561,1,0,0,0,0,0,0,0
0,-0,0.055,0,0,0,0,0,-0,1,0,11400,0,0,0,0,0.002,0,0,0,0,0,0,0,0,0.0178,0.0081,0.0051,0.0202,0.0252,0.0511,9.7422,0.0052,-0.0026,0,0,0,0,0.0042,-0.0051,-0.0045,0,0,0,9.7423,0.9504,1,0,0,0,0,0,0,0
0,-0,0.055,0,0,0,0,0,-0,1,0,11600,0,0,0,0,0.002,0,0,0,0,0,0,0,0,0.0045,0.0042,-0.012,0.0134,0.0621,0.0333,9.7731,0.0034,-0.0064,0,0,0,0,0.0039,-0.0046,-0.0039,0,0,0,9.7733,0.9736,1,0,0,0,0,0,0,0
0,-0,0.055,0,0,0,0,0,-0,1,0,11800,0,0,0,0,0.002,0,0,0,0,0,0,0,0,-0.0019,0.0028,-0.0024,0.0041,0.031,0.0228,9.7373,0.0023,-0.0032,0,0,0,0,0.0039,-0.0048,-0.004,0,0,0,9.7374,0.9482,1,0,0,0,0,0,0,0
0,-0,0.055,0,0,0,0,0,-0,1,0,12000,0,0,0,0,0.002,0,0,0,0,0,0,0,0,0.0017,-0.0075,0.0037,0.0086,0.0421,0.0392,9.7442,0.004,-0.0043,0,0,0,0,0.0043,-0.0047,-0.0039,0,0,0,9.7444,0.9566,1,0,0,0,0,0,0,0
0,-0,0.055,0,0,0,0,0,-0,1,0,12200,0,0,0,0,0.002,0,0,0,0,0,0,0,0,0.0037,-0.0043,-0.0044,0.0072,0.0519,0.0555,9.749,0.0057,-0.0053,0,0,0,0,0.0044,-0.0047,-0.004,0,0,0,9.7493,0.958,1,0,0,0,0,0,0,0
0,-0,0.055,0,0,0,0,0,-0,1,0,12400,0,0,0,0,0.002,0,0,0,0,0,0,0,0,-0.0028,0.0039,0.0087,0.0099,0.0427,0.0347,9.7494,0.0036,-0.0044,0,0,0,0,0.0043,-0.0045,-0.0039,0,0,0,9.7496,0.9596,1,0,0,0,0,0,0,0
0,-0,0.055,0,0,0,0,0,-0,1,0,12600,0,0,0,0,0.002,0,0,0,0,0,0,0,0,-0.0029,-0.0006,-0.0033,0.0044,0.0347,0.043,9.7513,0.0044,-0.0036,0,0,0,0,0.0043,-0.0044,-0.0042,0,0,0,9.7515,0.9607,1,0,0,0,0,0,0,0
0,-0,0.055,0,0,0,0,0,-0,1,0,12800,0,0,0,0,0.002,0,0,0,0,0,0,0,0,0.0101,0.0014,0.0041,0.0109,0.0457,0.0392,9.7247,0.004,-0.0047,0,0,0,0,0.0044,-0.0042,-0.0047,0,0,0,9.7249,0.9432,1,0,0,0,0,0,0,0
0,-0,0.055,0,0,0,0,0,-0,1,0,13000,0,0,0,0,0.002,0,0,0,0,0,0,0,0,0.0045,0.0022,-0.0007,0.005,0.0615,0.0403,9.7373,0.0041,-0.0063,0,0,0,0,0.0047,-0.004,-0.0049,0,0,0,9.7375,0.948,1,0,0,0,0,0,0,0
0,-0,0.055,0,0,0,0,0,-0,1,0,13200,0,0,0,0,0.002,0,0,0,0,0,0,0,0,0.0058,0.0049,0.0089,0.0117,0.0354,0.0233,9.7519,0.0024,-0.0036,0,0,0,0,0.005,-0.0039,-0.0049,0,0,0,9.752,0.9574,1,0,0,0,0,0,0,0
0,-0,0.055,0,0,0,0,0,-0,1,0,13400,0,0,0,0,0.002,0,0,0,0,0,0,0,0,0.0021,0.0043,-0.0001,0.0048,0.0487,0.0501,9.7379,0.0051,-0.005,0,0,0,0,0.0049,-0.0045,-0.0051,0,0,0,9.7382,0.9522,1,0,0,0,0,0,0,0
0,-0,0.055,0,0,0,0,0,-0,1,0,13600,0,0,0,0,0.002,0,0,0,0,0,0,0,0,0.0041,0.0051,-0.0003,0.0065,0.0369,0.0286,9.7447,0.0029,-0.0038,0,0,0,0,0.0047,-0.0046,-0.0052,0,0,0,9.7448,0.9539,1,0,0,0,0,0,0,0
0,-0,0.055,0,0,0,0,0,-0,1,0,13800,0,0,0,0,0.002,0,0,0,0,0,0,0,0,0.0022,0,-0.0017,0.0028,0.0559,0.0338,9.7379,0.0035,-0.0057,0,0,0,0,0.0046,-0.0045,-0.0053,0,0,0,9.7381,0.9501,1,0,0,0,0,0,0,0
0,-0,0.055,0,0,0,0,0,-0,1,0,14000,0,0,0,0,0.002,0,0,0,0,0,0,0,0,0.0033,-0.006,0.0033,0.0076,0.0356,0.0442,9.7538,0.0045,-0.0037,0,0,0,0,0.0045,-0.0044,-0.0052,0,0,0,9.754,0.9625,1,0,0,0,0,0,0,0
0,-0,0.055,0,0,0,0,0,-0,1,0,14200,0,0,0,0,0.002,0,0,0,0,0,0,0,0,0.0021,-0.0086,0.0075,0.0116,0.0513,0.0489,9.7412,0.005,-0.0053,0,0,0,0,0.0044,-0.0048,-0.0052,0,0,0,9.7415,0.954,1,0,0,0,0,0,0,0
0,-0,0.055,0,0,0,0,0,-0,1,0,14400,0,0,0,0,0.002,0,0,0,0,0,0,0,0,0.0007,0.001,-0.012,0.0121,0.0471,0.0643,9.7603,0.0066,-0.0048,0,0,0,0,0.0045,-0.0046,-0.0057,0,0,0,9.7607,0.9642,1,0,0,0,0,0,0,0
0,-0,0.055,0,0,0,0,0,-0,1,0,14600,0,0,0,0,0.002,0,0,0,0,0,0,0,0,0.0031,0.0042,0.001,0.0053,0.0536,0.0443,9.7499,0.0045,-0.0055,0,0,0,0,0.0044,-0.0047,-0.0056,0,0,0,9.7501,0.9601,1,0,0,0,0,0,0,0
0,-0,0.055,0,0,0,0,0,-0,1,0,14800,0,0,0,0,0.002,0,0,0,0,0,0,0,0,0.0033,0.0115,0.0114,0.0166,0.0313,0.0219,9.7564,0.0022,-0.0032,0,0,0,0,0.0045,-0.0052,-0.0056,0,0,0,9.7565,0.9595,1,0,0,0,0,0,0,0
0,-0,0.055,0,0,0,0,0,-0,1,0,15000,0,0,0,0,0.002,0,0,0,0,0,0,0,0,-0.0001,-0.0035,0.0005,0.0036,0.0487,0.0543,9.7568,0.0056,-0.005,0,0,0,0,0.0041,-0.0057,-0.0063,0,0,0,9.7571,0.9631,1,0,0,0,0,0,0,0
0,-0,0.055,0,0,0,0,0,-0,1,0,15200,0,0,0,0,0.002,0,0,0,0,0,0,0,0,-0.0069,0.0014,-0.0038,0.0079,0.0361,0.0402,9.7433,0.0041,-0.0037,0,0,0,0,0.0048,-0.0056,-0.0066,0,0,0,9.7434,0.9527,1,0,0,0,0,0,0,0
0,-0,0.055,0,0,0,0,0,-0,1,0,15400,0,0,0,0,0.002,0,0,0,0,0,0,0,0,0.0016,-0.002,-0.0063,0.0068,0.0637,0.034,9.7334,0.0035,-0.0065,0,0,0,0,0.0052,-0.0059,-0.0065,0,0,0,9.7337,0.9468,1,0,0,0,0,0,0,0
0,-0,0.055,0,0,0,0,0,-0,1,0,15600,0,0,0,0,0.002,0,0,0,0,0,0,0,0,0.0024,-0.0013,0.0158,0.0161,0.0345,0.0446,9.7399,0.0046,-0.0035,0,0,0,0,0.0049,-0.0053,-0.0066,0,0,0,9.74,0.9509,1,0,0,0,0,0,0,0
0,-0,0.055,0,0,0,0,0,-0,1,0,15800,0,0,0,0,0.002,0,0,0,0,0,0,0,0,0.0054,0.0004,0.0059,0.008,0.0405,0.0285,9.7469,0.0029,-0.0042,0,0,0,0,0.0049,-0.005,-0.0069,0,0,0,9.7471,0.955,1,0,0,0,0,0,0,0
0,-0,0.055,0,0,0,0,0,-0,1,0,16000,0,0,0,0,0.002,0,0,0,0,0,0,0,0,0.0023,0.0034,0.0085,0.0095,0.0553,0.0286,9.7433,0.0029,-0.0057,0,0,0,0,0.0044,-0.0048,-0.0073,0,0,0,9.7435,0.9535,1,0,0,0,0,0,0,0
0,-0,0.055,0,0,0,0,0,-0,1,0,16200,0,0,0,0,0.002,0,0,0,0,0,0,0,0,0.0053,-0.0055,-0.0022,0.008,0.0584,0.044,9.7615,0.0045,-0.006,0,0,0,0,0.0037,-0.0042,-0.0074,0,0,0,9.7617,0.9651,1,0,0,0,0,0,0,0
0,-0,0.055,0,0,0,0,0,-0,1,0,16400,0,0,0,0,0.002,0,0,0,0,0,0,0,0,-0.0033,-0.0028,-0.004,0.0059,0.0506,0.0153,9.7549,0.0016,-0.0052,0,0,0,0,0.0037,-0.0046,-0.0073,0,0,0,9.755,0.9602,1,0,0,0,0,0,0,0
0,-0,0.055,0,0,0,0,0,-0,1,0,16600,0,0,0,0,0.002,0,0,0,0,0,0,0,0,-0.0041,-0.0029,-0.0032,0.006,0.0362,0.0434,9.7401,0.0045,-0.0037,0,0,0,0,0.0035,-0.0046,-0.0069,0,0,0,9.7403,0.9521,1,0,0,0,0,0,0,0
0,-0,0.055,0,0,0,0,0,-0,1,0,16800,0,0,0,0,0.002,0,0,0,0,0,0,0,0,-0.0037,0.006,-0.0084,0.011,0.0417,0.0343,9.7536,0.0035,-0.0043,0,0,0,0,0.004,-0.0041,-0.007,0,0,0,9.7537,0.964,1,0,0,0,0,0,0,0
0,-0,0.055,0,0,0,0,0,-0,1,0,17000,0,0,0,0,0.002,0,0,0,0,0,0,0,0,0.0016,0.0022,-0.0018,0.0033,0.0437,0.0446,9.7691,0.0046,-0.0045,0,0,0,0,0.0043,-0.004,-0.0071,0,0,0,9.7693,0.9739,1,0,0,0,0,0,0,0
0,-0,0.055,0,0,0,0,0,-0,1,0,17200,0,0,0,0,0.002,0,0,0,0,0,0,0,0,0.002,-0.0011,-0.0028,0.0036,0.0547,0.0346,9.7526,0.0035,-0.0056,0,0,0,0,0.0044,-0.0043,-0.0074,0,0,0,9.7528,0.9602,1,0,0,0,0,0,0,0
0,-0,0.055,0,0,0,0,0,-0,1,0,17400,0,0,0,0,0.002,0,0,0,0,0,0,0,0,-0.0019,0.0066,-0.0045,0.0082,0.047,0.0281,9.7339,0.0029,-0.0048,0,0,0,0,0.004,-0.0046,-0.0078,0,0,0,9.7341,0.9482,1,0,0,0,0,0,0,0
0,-0,0.055,0,0,0,0,0,-0,1,0,17600,0,0,0,0,0.002,0,0,0,0,0,0,0,0,-0.0034,0.0033,0.0025,0.0053,0.0446,0.0329,9.7527,0.0034,-0.0046,0,0,0,0,0.004,-0.0046,-0.0078,0,0,0,9.7528,0.9619,1,0,0,0,0,0,0,0
0,-0,0.055,0,0,0,0,0,-0,1,0,17800,0,0,0,0,0.002,0,0,0,0,0,0,0,0,-0.0004,-0.0115,0.0098,0.0151,0.0271,0.0234,9.7392,0.0024,-0.0028,0,0,0,0,0.0032,-0.005,-0.0075,0,0,0,9.7392,0.9493,1,0,0,0,0,0,0,0
0,-0,0.055,0,0,0,0,0,-0,1,0,18000,0,0,0,0,0.002,0,0,0,0,0,0,0,0,0.0061,0.0022,0.0047,0.008,0.0527,0.0248,9.7539,0.0025,-0.0054,0,0,0,0,0.003,-0.0051,-0.0073,0,0,0,9.754,0.9635,1,0,0,0,0,0,0,0
0,-0,0.055,0,0,0,0,0,-0,1,0,18200,0,0,0,0,0.002,0,0,0,0,0,0,0,0,-0.007,-0.0039,0.0081,0.0114,0.0598,0.0212,9.7423,0.0022,-0.0061,0,0,0,0,0.0035,-0.0055,-0.0073,0,0,0,9.7425,0.9532,1,0,0,0,0,0,0,0
0,-0,0.055,0,0,0,0,0,-0,1,0,18400,0,0,0,0,0.002,0,0,0,0,0,0,0,0,-0.0049,-0.0054,-0.0059,0.0094,0.0464,0.022,9.7456,0.0023,-0.0048,0,0,0,0,0.0036,-0.0056,-0.0073,0,0,0,9.7458,0.9552,1,0,0,0,0,0,0,0
0,-0,0.055,0,0,0,0,0,-0,1,0,18600,0,0,0,0,0.002,0,0,0,0,0,0,0,0,-0.0021,-0.0073,-0.0067,0.0101,0.0576,0.0348,9.7572,0.0036,-0.0059,0,0,0,0,0.0037,-0.0049,-0.0075,0,0,0,9.7574,0.9647,1,0,0,0,0,0,0,0
0,-0,0.055,0,0,0,0,0,-0,1,0,18800,0,0,0,0,0.002,0,0,0,0,0,0,0,0,0.0012,0.006,0.0056,0.0083,0.0265,0.0378,9.7398,0.0039,-0.0027,0,0,0,0,0.0031,-0.0045,-0.0076,0,0,0,9.7399,0.9507,1,0,0,0,0,0,0,0
0,-0,0.055,0,0,0,0,0,-0,1,0,19000,0,0,0,0,0.002,0,0,0,0,0,0,0,0,-0.0149,0.0089,-0.0054,0.0181,0.0456,0.0522,9.7494,0.0054,-0.0047,0,0,0,0,0.0031,-0.0049,-0.008,0,0,0,9.7496,0.9564,1,0,0,0,0,0,0,0
0,-0,0.055,0,0,0,0,0,-0,1,0,19200,0,0,0,0,0.002,0,0,0,0,0,0,0,0,-0.0055,-0.0021,0.005,0.0077,0.0563,0.0444,9.7448,0.0046,-0.0058,0,0,0,0,0.0028,-0.0047,-0.0075,0,0,0,9.7451,0.9537,1,0,0,0,0,0,0,0
0,-0,0.055,0,0,0,0,0,-0,1,0,19400,0,0,0,0,0.002,0,0,0,0,0,0,0,0,-0.0069,0.0044,-0.0037,0.009,0.0525,0.0449,9.7478,0.0046,-0.0054,0,0,0,0,0.003,-0.0044,-0.0075,0,0,0,9.7481,0.9563,1,0,0,0,0,0,0,0
0,-0,0.055,0,0,0,0,0,-0,1,0,19600,0,0,0,0,0.002,0,0,0,0,0,0,0,0,0.0105,0.0112,-0.01,0.0183,0.0454,0.0348,9.7624,0.0036,-0.0046,0,0,0,0,0.003,-0.0043,-0.0074,0,0,0,9.7625,0.97,1,0,0,0,0,0,0,0
0,-0,0.055,0,0,0,0,0,-0,1,0,19800,0,0,0,0,0.002,0,0,0,0,0,0,0,0,0.0034,-0.0115,-0.0058,0.0133,0.0431,0.0219,9.7435,0.0022,-0.0044,0,0,0,0,0.0028,-0.0046,-0.0076,0,0,0,9.7436,0.9564,1,0,0,0,0,0,0,0
0,-0,0.055,0,0,0,0,0,-0,1,0,20000,0,0,0,0,0.002,0,0,0,0,0,0,0,0,0.0023,-0.007,0.0048,0.0088,0.0247,0.0449,9.7386,0.0046,-0.0025,0,0,0,0,0.0033,-0.0044,-0.0081,0,0,0,9.7388,0.9492,1,0,0,0,0,0,0,0
0,-0,0.055,0,0,0,0,0,-0,1,0,20200,0,0,0,0,0.002,0,0,0,0,0,0,0,0,-0.0007,0.0077,-0.0012,0.0079,0.0377,0.0391,9.7521,0.004,-0.0039,0,0,0,0,0.0027,-0.0042,-0.0084,0,0,0,9.7523,0.9604,1,0,0,0,0,0,0,0
0,-0,0.055,0,0,0,0,0,-0,1,0,20400,0,0,0,0,0.002,0,0,0,0,0,0,0,0,-0.0027,-0.0037,0.0084,0.0096,0.0283,0.0386,9.7477,0.004,-0.0029,0,0,0,0,0.003,-0.004,-0.009,0,0,0,9.7478,0.9568,1,0,0,0,0,0,0,0
0,-0,0.055,0,0,0,0,0,-0,1,0,20600,0,0,0,0,0.002,0,0,0,0,0,0,0,0,-0.001,0.0113,-0.0064,0.013,0.0246,0.0443,9.7622,0.0045,-0.0025,0,0,0,0,0.0032,-0.0042,-0.0088,0,0,0,9.7623,0.9652,1,0,0,0,0,0,0,0
0,-0,0.055,0,0,0,0,0,-0,1,0,20800,0,0,0,0,0.002,0,0,0,0,0,0,0,0,0.0126,-0.0015,0.0015,0.0127,0.0714,0.0286,9.7456,0.0029,-0.0073,0,0,0,0,0.0026,-0.0042,-0.0093,0,0,0,9.7459,0.952,1,0,0,0,0,0,0,0
0,-0,0.055,0,0,0,0,0,-0,1,0,21000,0,0,0,0,0.002,0,0,0,0,0,0,0,0,0.0061,-0.0014,-0.0049,0.008,0.0474,0.0337,9.7568,0.0035,-0.0049,0,0,0,0,0.0026,-0.0043,-0.0093,0,0,0,9.757,0.9639,1,0,0,0,0,0,0,0
0,-0,0.055,0,0,0,0,0,-0,1,0,21200,0,0,0,0,0.002,0,0,0,0,0,0,0,0,-0.0005,0.0088,0.0042,0.0098,0.0422,0.0203,9.757,0.0021,-0.0043,0,0,0,0,0.0029,-0.0046,-0.0098,0,0,0,9.7571,0.9651,1,0,0,0,0,0,0,0
0,-0,0.055,0,0,0,0,0,-0,1,0,21400,0,0,0,0,0.002,0,0,0,0,0,0,0,0,0.0071,-0.0069,-0.002,0.0101,0.0489,0.0222,9.7295,0.0023,-0.005,0,0,0,0,0.0033,-0.005,-0.0099,0,0,0,9.7296,0.9453,1,0,0,0,0,0,0,0
0,-0,0.055,0,0,0,0,0,-0,1,0,21600,0,0,0,0,0.002,0,0,0,0,0,0,0,0,-0.0061,0.0079,-0.0141,0.0173,0.0565,0.0321,9.7397,0.0033,-0.0058,0,0,0,0,0.0034,-0.0056,-0.01,0,0,0,9.7399,0.9546,1,0,0,0,0,0,0,0
0,-0,0.055,0,0,0,0,0,-0,1,0,21800,0,0,0,0,0.002,0,0,0,0,0,0,0,0,-0.0009,-0.0032,-0.0017,0.0037,0.0391,0.0409,9.7604,0.0042,-0.004,0,0,0,0,0.0031,-0.006,-0.0101,0,0,0,9.7606,0.9638,1,0,0,0,0,0,0,0
0,-0,0.055,0,0,0,0,0,-0,1,0,22000,0,0,0,0,0.002,0,0,0,0,0,0,0,0,-0.0031,-0.0145,0.0057,0.0159,0.0366,0.0135,9.7433,0.0014,-0.0038,0,0,0,0,0.003,-0.0057,-0.0099,0,0,0,9.7433,0.9517,1,0,0,0,0,0,0,0
0,-0,0.055,0,0,0,0,0,-0,1,0,22200,0,0,0,0,0.002,0,0,0,0,0,0,0,0,-0.003,-0.0015,-0.0121,0.0125,0.0403,0.0341,9.7685,0.0035,-0.0041,0,0,0,0,0.0025,-0.0058,-0.0103,0,0,0,9.7686,0.9699,1,0,0,0,0,0,0,0
0,-0,0.055,0,0,0,0,0,-0,1,0,22400,0,0,0,0,0.002,0,0,0,0,0,0,0,0,-0.0083,0.0025,-0.0101,0.0133,0.0599,0.0187,9.7572,0.0019,-0.0061,0,0,0,0,0.0025,-0.0055,-0.0108,0,0,0,9.7574,0.965,1,0,0,0,0,0,0,0
0,-0,0.055,0,0,0,0,0,-0,1,0,22600,0,0,0,0,0.002,0,0,0,0,0,0,0,0,-0.0099,-0.0051,-0.0076,0.0135,0.0479,0.0185,9.7651,0.0019,-0.0049,0,0,0,0,0.0022,-0.0052,-0.0104,0,0,0,9.7652,0.9711,1,0,0,0,0,0,0,0
0,-0,0.055,0,0,0,0,0,-0,1,0,22800,0,0,0,0,0.002,0,0,0,0,0,0,0,0,-0.0018,0.0007,0.0082,0.0085,0.0298,0.0262,9.7621,0.0027,-0.0031,0,0,0,0,0.0023,-0.0051,-0.0104,0,0,0,9.7622,0.9653,1,0,0,0,0,0,0,0
0,-0,0.055,0,0,0,0,0,-0,1,0,23000,0,0,0,0,0.002,0,0,0,0,0,0,0,0,-0.0037,-0.0002,-0.0026,0.0045,0.0611,0.0457,9.7629,0.0047,-0.0063,0,0,0,0,0.003,-0.0048,-0.0101,0,0,0,9.7632,0.9657,1,0,0,0,0,0,0,0
0,-0,0.055,0,0,0,0,0,-0,1,0,23200,0,0,0,0,0.002,0,0,0,0,0,0,0,0,0.0003,0.0009,0.0078,0.0078,0.0509,0.0359,9.7377,0.0037,-0.0052,0,0,0,0,0.0026,-0.0043,-0.0104,0,0,0,9.7379,0.9501,1,0,0,0,0,0,0,0
0,-0,0.055,0,0,0,0,0,-0,1,0,23400,0,0,0,0,0.002,0,0,0,0,0,0,0,0,-0.0118,-0.0001,0.0002,0.0118,0.0134,0.0538,9.7638,0.0055,-0.0014,0,0,0,0,0.0028,-0.0049,-0.0102,0,0,0,9.7639,0.9614,1,0,0,0,0,0,0,0
0,-0,0.055,0,0,0,0,0,-0,1,0,23600,0,0,0,0,0.002,0,0,0,0,0,0,0,0,-0.004,0.0008,-0.0046,0.0062,0.0407,0.0402,9.7761,0.0041,-0.0042,0,0,0,0,0.0032,-0.0052,-0.01,0,0,0,9.7762,0.9763,1,0,0,0,0,0,0,0
0,-0,0.055,0,0,0,0,0,-0,1,0,23800,0,0,0,0,0.002,0,0,0,0,0,0,0,0,0.0015,-0.0007,-0.0028,0.0032,0.042,0.0202,9.7448,0.0021,-0.0043,0,0,0,0,0.0034,-0.0051,-0.0097,0,0,0,9.7449,0.9552,1,0,0,0,0,0,0,0
0,-0,0.055,0,0,0,0,0,-0,1,0,24000,0,0,0,0,0.002,0,0,0,0,0,0,0,0,-0.0053,0.0087,0.0007,0.0102,0.0332,0.0462,9.7513,0.0047,-0.0034,0,0,0,0,0.0036,-0.0049,-0.0098,0,0,0,9.7515,0.9586,1,0,0,0,0,0,0,0
0,-0,0.055,0,0,0,0,0,-0,1,0,24200,0,0,0,0,0.002,0,0,0,0,0,0,0,0,0.0058,0.0077,0.0058,0.0113,0.0452,0.027,9.7647,0.0028,-0.0046,0,0,0,0,0.004,-0.0052,-0.0097,0,0,0,9.7648,0.9687,1,0,0,0,0,0,0,0
0,-0,0.055,0,0,0,0,0,-0,1,0,24400,0,0,0,0,0.002,0,0,0,0,0,0,0,0,0.0028,-0.0045,-0.0002,0.0053,0.0453,0.0287,9.766,0.0029,-0.0046,0,0,0,0,0.0039,-0.0054,-0.01,0,0,0,9.7662,0.9701,1,0,0,0,0,0,0,0
0,-0,0.055,0,0,0,0,0,-0,1,0,24600,0,0,0,0,0.002,0,0,0,0,0,0,0,0,0.0042,0.0047,0.0039,0.0074,0.0231,0.0349,9.7463,0.0036,-0.0024,0,0,0,0,0.0041,-0.0049,-0.0093,0,0,0,9.7464,0.9537,1,0,0,0,0,0,0,0
0,-0,0.055,0,0,0,0,0,-0,1,0,24800,0,0,0,0,0.002,0,0,0,0,0,0,0,0,0.0066,0.0053,-0.002,0.0087,0.0442,0.0508,9.7546,0.0052,-0.0045,0,0,0,0,0.0039,-0.005,-0.0085,0,0,0,9.7548,0.9617,1,0,0,0,0,0,0,0
0,-0,0.055,0,0,0,0,0,-0,1,0,25000,0,0,0,0,0.002,0,0,0,0,0,0,0,0,-0.0011,0.0024,-0.0048,0.0055,0.0454,0.0281,9.7483,0.0029,-0.0047,0,0,0,0,0.0038,-0.0046,-0.0081,0,0,0,9.7484,0.9585,1,0,0,0,0,0,0,0
0,-0,0.055,0,0,0,0,0,-0,1,0,25200,0,0,0,0,0.002,0,0,0,0,0,0,0,0,-0.0045,-0.0036,-0.0032,0.0066,0.0309,0.0435,9.7566,0.0045,-0.0032,0,0,0,0,0.0038,-0.0049,-0.0079,0,0,0,9.7568,0.9621,1,0,0,0,0,0,0,0
0,-0,0.055,0,0,0,0,0,-0,1,0,25400,0,0,0,0,0.002,0,0,0,0,0,0,0,0,-0.0117,0.0028,0.0042,0.0127,0.0438,0.0494,9.7494,0.0051,-0.0045,0,0,0,0,0.0037,-0.0044,-0.0076,0,0,0,9.7497,0.9585,1,0,0,0,0,0,0,0
0,-0,0.055,0,0,0,0,0,-0,1,0,25600,0,0,0,0,0.002,0,0,0,0,0,0,0,0,0.0016,-0.0012,-0.0151,0.0152,0.0622,0.0313,9.7108,0.0032,-0.0064,0,0,0,0,0.0034,-0.0041,-0.0083,0,0,0,9.711,0.9302,1,0,0,0,0,0,0,0
0,-0,0.055,0,0,0,0,0,-0,1,0,25800,0,0,0,0,0.002,0,0,0,0,0,0,0,0,-0.0009,-0.0054,0.0081,0.0097,0.0461,0.0237,9.7709,0.0024,-0.0047,0,0,0,0,0.0035,-0.0037,-0.0087,0,0,0,9.771,0.9724,1,0,0,0,0,0,0,0
0,-0,0.055,0,0,0,0,0,-0,1,0,26000,0,0,0,0,0.002,0,0,0,0,0,0,0,0,-0.0078,-0.0083,-0.0113,0.0161,0.0383,0.0301,9.7409,0.0031,-0.0039,0,0,0,0,0.0033,-0.0035,-0.0089,0,0,0,9.7411,0.9539,1,0,0,0,0,0,0,0
0,-0,0.055,0,0,0,0,0,-0,1,0,26200,0,0,0,0,0.002,0,0,0,0,0,0,0,0,0.0005,-0.0031,-0.0024,0.004,0.031,0.0421,9.7611,0.0043,-0.0032,0,0,0,0,0.0031,-0.004,-0.009,0,0,0,9.7612,0.966,1,0,0,0,0,0,0,0
0,-0,0.055,0,0,0,0,0,-0,1,0,26400,0,0,0,0,0.002,0,0,0,0,0,0,0,0,-0.0059,0.0078,-0.0002,0.0098,0.0447,0.0362,9.748,0.0037,-0.0046,0,0,0,0,0.0036,-0.0039,-0.0091,0,0,0,9.7481,0.9589,1,0,0,0,0,0,0,0
0,-0,0.055,0,0,0,0,0,-0,1,0,26600,0,0,0,0,0.002,0,0,0,0,0,0,0,0,-0.0026,0.006,-0.0056,0.0086,0.0334,0.0385,9.7452,0.0039,-0.0034,0,0,0,0,0.0032,-0.0041,-0.0095,0,0,0,9.7454,0.9563,1,0,0,0,0,0,0,0
