truth_x,truth_y,truth_z,truth_vx,truth_vy,truth_vz,truth_roll,truth_pitch,truth_yaw,f_mode,armed,time_ms,imu_seq,cont_seq,log_seq,dt,imu_dt,hal_dt,rc_thr,rc_roll,rc_pitch,rc_yaw,t_roll,t_pitch,t_yaw,g_roll,g_pitch,g_yaw,a_roll,a_pitch,cor_roll,cor_pitch,err_roll,err_pitch,est_roll,est_pitch,est_yaw,gyr_b_x,gyr_b_y,gyr_b_z,accel_m,accel_w,ahrs_v,c_roll,c_pitch,c_yaw,m1,m2,m3,m4
0,0,0.0500092,0,0,2.50046,0,-0,0,0,1,3600,0,0,0,0,0.002,0,0,0,0,0,0,0,0,-0.01,0.0045,-0.0095,-0.06,-0.09,0,0,0,0,-0.00131995,0.00073174,-0.00129377,0,0,0,0.121347,0,1,0,0,0,0,0,0,0
0.00157303,-0.000303414,-0.0326876,-0.000132188,-4.5256e-05,0.00067013,0.00405517,0.0431124,-0.000716911,0,1,3800,0,0,0,0,0.002,0,0,0,0,0,0,0,0,-0.00372224,-0.00851538,0.00439014,-0.42918,-0.0216893,0,0,0,0,0.00406374,0.065443,-0.00279193,0,0,0,9.86026,0.914666,1,0,0,0,0,0,0,0
0.00155326,-0.000312608,-0.032558,-0.000131543,-4.51434e-05,0.000670158,0.00421613,0.0426827,-0.000718292,0,1,4000,0,0,0,0,0.002,0,0,0,0,0,0,0,0,0.00095349,0.00861894,0.00216542,-0.466669,-0.0162516,0,0,0,0,0.00333723,0.062072,-0.00314855,0,0,0,9.8669,0.925847,1,0,0,0,0,0,0,0
0.00153233,-0.000322376,-0.0324203,-0.000130857,-4.50238e-05,0.000670189,0.00438715,0.0422261,-0.000719649,0,1,4200,0,0,0,0,0.002,0,0,0,0,0,0,0,0,-0.00506141,-0.00170944,-0.00280401,-0.460189,-0.00444443,0,0,0,0,0.00270621,0.0598406,-0.0031333,0,0,0,9.86276,0.932906,1,0,0,0,0,0,0,0
0.00151269,-0.000331568,-0.0322907,-0.000130211,-4.49111e-05,0.000670218,0.0045481,0.0417964,-0.000720822,0,1,4400,0,0,0,0,0.002,0,0,0,0,0,0,0,0,0.000679611,0.0169735,-0.00536949,-0.471618,-0.0120937,0,0,0,0,0.00194772,0.057521,-0.00353911,0,0,0,9.85026,0.948558,1,0,0,0,0,0,0,0
0.00149191,-0.000341334,-0.0321531,-0.000129525,-4.47912e-05,0.00067025,0.00471909,0.0413399,-0.000721959,0,1,4600,0,0,0,0,0.002,0,0,0,0,0,0,0,0,-0.00353463,-0.0075985,0.00147289,-0.480823,-0.0248614,0,0,0,0,0.00107571,0.0553927,-0.00344788,0,0,0,9.85017,0.954218,1,0,0,0,0,0,0,0
0.00147242,-0.000350525,-0.0320235,-0.000128878,-4.46782e-05,0.000670281,0.00488002,0.0409103,-0.000722925,0,1,4800,0,0,0,0,0.002,0,0,0,0,0,0,0,0,-0.00743134,-0.00315435,0.00259966,-0.469702,0.00479171,0,0,0,0,0.00129641,0.0534952,-0.00260646,0,0,0,9.84107,0.963976,1,0,0,0,0,0,0,0
0.00145178,-0.000360288,-0.0318859,-0.000128191,-4.45579e-05,0.000670315,0.005051,0.0404539,-0.000723842,0,1,5000,0,0,0,0,0.002,0,0,0,0,0,0,0,0,-0.000176582,-0.00283159,-0.00225502,-0.454847,0.0126592,0,0,0,0,0.00144358,0.0530877,-0.0027432,0,0,0,9.86236,0.947235,1,0,0,0,0,0,0,0
0.00143244,-0.000369477,-0.0317563,-0.000127544,-4.44445e-05,0.000670349,0.00521191,0.0400243,-0.000724602,0,1,5200,0,0,0,0,0.002,0,0,0,0,0,0,0,0,-0.0136864,1.52739e-05,0.0026097,-0.460265,-0.00637732,0,0,0,0,0.000968805,0.0513272,-0.00250404,0,0,0,9.82754,0.975347,1,0,0,0,0,0,0,0
0.00141316,-0.000378664,-0.0316268,-0.000126896,-4.43309e-05,0.000670384,0.0053728,0.0395948,-0.000725262,0,1,5400,0,0,0,0,0.002,0,0,0,0,0,0,0,0,0.0151376,-0.0101909,0.00602555,-0.461601,-0.00583261,0,0,0,0,-4.76556e-05,0.0496645,-0.00292293,0,0,0,9.84755,0.966137,1,0,0,0,0,0,0,0
0.00139275,-0.000388425,-0.0314892,-0.000126206,-4.42024e-05,0.000670391,0.00554373,0.0391385,-0.000725853,0,1,5600,0,0,0,0,0.002,0,0,0,0,0,0,0,0,0.0103872,0.00393721,-0.00299169,-0.446007,-0.000802136,0,0,0,0,0.000727167,0.0486789,-0.00418227,0,0,0,9.86055,0.955932,1,0,0,0,0,0,0,0
0.00137292,-0.000392837,-0.0313799,-0.000124847,-3.44011e-06,0.000493489,0.0056184,0.0387091,-0.000726782,0,1,5800,0,0,0,0,0.002,0,0,0,0,0,0,0,0,-0.00135588,-0.0417442,0.0114948,-0.446818,-0.0067235,0,0,0,0,8.47402e-05,0.0427457,-0.00347223,0,0,0,9.84101,0.97074,1,0,0,0,0.06,0.06,0.06,0.06
0.0013481,-0.000388507,-0.031291,-0.00014838,4.02396e-05,0.000397999,0.00553425,0.0382013,-0.000728708,0,1,6000,0,0,0,0,0.002,0,0,0,0,0,0,0,0,-0.00908445,-0.0376765,0.00120497,-0.427282,-0.000239529,0,0,0,0,-0.000658396,0.0358151,-0.00258703,0,0,0,9.8486,0.9552,1,0,0,0,0.06,0.06,0.06,0.06
0.00132034,-0.000377882,-0.0312198,-0.000164276,6.66742e-05,0.000346924,0.00533602,0.0376507,-0.000731265,0,1,6200,0,0,0,0,0.002,0,0,0,0,0,0,0,0,-0.00239742,-0.031498,-0.00420735,-0.423536,-0.0019627,0,0,0,0,-0.00196483,0.0303826,-0.00184006,0,0,0,9.83255,0.954481,1,0,0,0,0.06,0.06,0.06,0.06
0.001288,-0.000362372,-0.0311519,-0.000174569,8.37899e-05,0.000313943,0.00504887,0.037019,-0.00073434,0,1,6400,0,0,0,0,0.002,0,0,0,0,0,0,0,0,-0.0124723,-0.0388049,0.0126585,-0.443891,-0.0285209,0,0,0,0,-0.00236335,0.0261047,-0.00124601,0,0,0,9.82379,0.946497,1,0,0,0,0.06,0.06,0.06,0.06
0.00126,-0.000347558,-0.0310999,-0.000179864,9.26101e-05,0.000297042,0.00477551,0.0364765,-0.000736951,0,1,6600,0,0,0,0,0.002,0,0,0,0,0,0,0,0,-0.00591019,-0.0280385,0.00712279,-0.422247,-0.0374155,0,0,0,0,-0.00322346,0.0224564,0.0001358,0,0,0,9.82538,0.942273,1,0,0,0,0.06,0.06,0.06,0.06
0.00122495,-0.000328031,-0.0310396,-0.000183899,9.93646e-05,0.000284209,0.0044159,0.0358009,-0.000740069,0,1,6800,0,0,0,0,0.002,0,0.0439292,0,0,0,0,0,0,-0.0156092,-0.0119652,0.0138386,-0.41148,-0.0257884,0,0,0,0,-0.00367272,0.0187224,0.000916731,0,0,0,9.83873,0.927881,1,0,0,0,0.06,0.06,0.06,0.06
0.0011913,-0.000308676,-0.0309846,-0.000186185,0.000103255,0.000277008,0.00406006,0.0351546,-0.000742864,0,1,7000,0,0,0,0,0.002,0,0.0909091,0,0,0,0,0,0,-0.00864399,-0.0457939,-0.00423354,-0.389902,-0.0231002,0,0,0,0,-0.00449953,0.0152676,0.00108183,0,0,0,9.85471,0.914996,1,0,0,0,0.0909091,0.0909091,0.0909091,0.0909091
0.00115675,-0.000288451,-0.0309298,-0.000157922,8.86636e-05,0.000231069,0.00368876,0.0344925,-0.000745506,0,1,7200,0,0,0,0,0.002,0,0.135448,0,0,0,0,0,0,-0.00314273,-0.0196523,0.00617118,-0.396321,0.00276142,0,0,0,0,-0.00490661,0.0131205,0.00137915,0,0,0,9.87377,0.896022,1,0,0,0,0.135448,0.135448,0.135448,0.135448
0.00113505,-0.000275708,-0.0308955,-9.75306e-05,5.48016e-05,0.00014277,0.00345513,0.0340771,-0.000747026,0,1,7400,0,0,0,0,0.002,0,0.197682,0,0,0,0,0,0,-0.0108317,-0.0171965,-0.01306,-0.381593,0.00506237,0,0,0,0,-0.00518256,0.0105828,0.00160775,0,0,0,9.84008,0.914781,1,0,0,0,0.197682,0.197682,0.197682,0.197682
0.001121,-0.000267454,-0.0308733,-5.84285e-05,3.28389e-05,8.55506e-05,0.00330393,0.0338084,-0.000747949,0,1,7600,0,0,0,0,0.002,0,0.234899,0,0,0,0,0,0,0.00285326,-0.0360327,-0.0013103,-0.387646,-0.00504554,0,0,0,0,-0.00525737,0.00781816,0.00206617,0,0,0,9.80057,0.924882,1,0,0,0,0.234899,0.234899,0.234899,0.234899
0.00111297,-0.000262733,-0.0308606,-3.60374e-05,2.02738e-05,5.28794e-05,0.0032175,0.0336548,-0.000748455,0,1,7800,0,0,0,0,0.002,0,0.299573,0,0,0,0,0,0,-0.00157159,-0.0361433,0.0121511,-0.393468,-0.0233744,0,0,0,0,-0.00500165,0.00533194,0.00212641,0,0,0,9.84961,0.895931,1,0,0,0,0.299573,0.299573,0.299573,0.299573
0.00110802,-0.000259818,-0.0308528,-2.22257e-05,1.25171e-05,3.26981e-05,0.00316412,0.03356,-0.000748759,0,1,8000,0,0,0,0,0.002,0,0.348993,0,0,0,0,0,0,-0.00167023,-0.0388598,-0.00749077,-0.386598,-0.0168505,0,0,0,0,-0.00573312,0.00431191,0.00272029,0,0,0,9.87703,0.878015,1,0,0,0,0.348993,0.348993,0.348993,0.348993
0.00110482,-0.000257932,-0.0308477,-1.47038e-05,8.2917e-06,2.17039e-05,0.00312958,0.0334987,-0.000748952,0,1,8200,0,0,0,0,0.002,0,0.371568,0,0,0,0,0,0,-0.0200988,-0.0354737,0.00710611,-0.363313,-0.0351794,0,0,0,0,-0.00615308,0.00264419,0.00283507,0,0,0,9.87457,0.881286,1,0,0,0,0.371568,0.371568,0.371568,0.371568
0.00110308,-0.000256906,-0.0308449,-6.68647e-06,3.7828e-06,9.95512e-06,0.0031108,0.0334655,-0.000749055,0,1,8400,0,0,0,0,0.002,0,0.43075,0,0,0,0,0,0,-0.0016245,-0.0305614,-0.0097408,-0.387237,0.00567997,0,0,0,0,-0.00621238,0.00139778,0.00321708,0,0,0,9.84402,0.891128,1,0,0,0,0.43075,0.43075,0.43075,0.43075
0.00110182,-0.000256153,-0.0308429,-5.92599e-06,3.37552e-06,8.98293e-06,0.00309701,0.0334412,-0.00074913,0,1,8600,0,0,0,0,0.002,0,0.4759,0,0,0,0,0,0,-0.0124116,-0.0333659,0.00540836,-0.372974,-0.0121298,0,0,0,0,-0.0063331,0.000766921,0.00344755,0,0,0,9.85608,0.886041,1,0,0,0,0.4759,0.4759,0.4759,0.4759
0.00110125,-0.000255814,-0.0308419,-2.94904e-06,1.68781e-06,4.52484e-06,0.00309079,0.0334303,-0.000749163,0,1,8800,0,0,0,0,0.002,0,0.506406,0,0,0,0,0,0,-0.0105994,-0.0263356,-0.00129638,-0.383268,-0.0572165,0,0,0,0,-0.00640403,0.00018625,0.00411756,0,0,0,9.86834,0.875737,1,0,0,0,0.506406,0.506406,0.506406,0.506406
0.00110081,-0.000255547,-0.0308412,0,0,0,0.00308589,0.0334218,-0.000749189,0,1,9000,0,0,0,0,0.002,0,0.538743,0,0,0,0,0,0,-0.0087628,-0.0283976,-0.0119014,-0.377785,-0.0175389,0,0,0,0,-0.00744183,-0.000316254,0.00418208,0,0,0,9.84333,0.890312,1,0,0,0,0.538743,0.538743,0.538743,0.538743
0.00460916,-0.000581612,-0.028393,0.0402967,-0.00371374,0.0452231,0.00306603,0.0333498,-0.000750106,0,1,9200,0,0,0,0,0.002,0,0.585723,0,0,0,0,0,0,-0.00410002,-0.0334021,0.00500044,-0.115553,-0.104232,0,0,0,0,-0.00798664,-0.00389342,0.00438788,0,0,0,10.6355,0.422194,1,0,0,0,0.585723,0.585723,0.585723,0.585723
0.0206319,-0.00206304,0.00898249,0.100703,-0.00921719,0.319032,0.00283625,0.0324118,-0.000753808,0,1,9400,0,0,0,0,0.002,0,0.606467,0,0,0,0,0,0,-0.0156356,-0.0174213,0.00101788,-0.0804368,-0.0516065,0,0,0,0,-0.00936267,-0.0107061,0.00507565,0,0,0,11.5959,0,1,0,0,0,0.606467,0.606467,0.606467,0.606467
0.0522995,-0.00490922,0.128676,0.16096,-0.0144164,0.793227,0.00203073,0.0291053,-0.000762211,0,1,9600,0,0,0,0,0.002,0,0.61867,0,0,0,0,0,0,-0.0245209,-0.0557362,0.00118736,-0.0485508,-0.0645068,0,0,0,0,-0.0112096,-0.020189,0.00551518,0,0,0,12.4151,0,1,0,0,0,0.61867,0.61867,0.61867,0.61867
0.0947327,-0.00844291,0.33983,0.212245,-0.0183219,1.31594,0.000447545,0.0229797,-0.000767627,0,1,9800,0,0,0,0,0.002,0,0.624771,0,0,0,0,0,0,-0.00960371,-0.0702054,-0.0110675,-0.112846,-0.0640096,0,0,0,0,-0.0142853,-0.0327413,0.00527409,0,0,0,12.6672,0,1,0,0,0,0.624771,0.624771,0.624771,0.624771
0.150107,-0.0122445,0.678385,0.257429,-0.0209702,1.8997,-0.00239202,0.0150985,-0.000750259,0,1,10000,0,0,0,0,0.002,0,0.625991,0,0,0,0,0,0,-0.0259053,-0.0832041,0.000345195,-0.08201,-0.0650945,0,0,0,0,-0.0175348,-0.0468475,0.00660217,0,0,0,12.6852,0,1,0,0,0,0.625991,0.625991,0.625991,0.625991
0.208176,-0.0145285,1.10656,0.275298,-0.0215193,2.45433,-0.00635931,0.0154752,-0.000744232,0,1,10200,0,0,0,0,0.002,0,0.625991,0,0,0,0,0,0,-0.0367171,0.00104946,-0.00098013,-0.106539,-0.065052,0,0,0,0,-0.0229324,-0.0543497,0.00671372,0,0,0,12.7346,0,1,0,0,0,0.625991,0.625991,0.625991,0.625991
0.275934,-0.0135263,1.67124,0.287053,-0.0190423,2.94018,-0.0120305,0.0206873,-0.000785998,0,1,10400,0,0,0,0,0.002,0,0.581452,0,0,0,0,0,0,-0.0346143,-0.0144638,0.00532574,-0.0862712,-0.0448337,0,0,0,0,-0.0289647,-0.0549899,0.00698392,0,0,0,11.2199,0.0333675,1,0,0,0,0.581452,0.581452,0.581452,0.581452
0.346629,-0.00741647,2.2567,0.318836,-0.0111282,3.11992,-0.0186959,0.0199379,-0.000775014,0,1,10600,0,0,0,0,0.002,0,0.57169,0,0.0304878,0,0,0.191561,0,-0.054642,-0.0298854,0.0161357,-0.0957651,-0.0470693,0,0,0,0,-0.0355824,-0.0580022,0.00773905,0,0,0,10.6485,0.357547,1,0,0.00771299,0,0.563977,0.579403,0.563977,0.579403
0.430829,0.00723293,2.91109,0.265541,0.00615183,3.29082,-0.0271925,0.0585241,-0.00174185,0,1,10800,0,0,0,0,0.002,0,0.57169,0,0.0829268,0,0,0.521045,0,-0.0409617,0.184629,-0.00774225,-0.0972755,-0.0637008,0,0,0,0,-0.0428234,-0.0280044,0.00661774,0,0,0,10.5993,0.40728,1,0,0.00591594,0,0.565774,0.577606,0.565774,0.577606
0.533199,0.0318175,3.55555,0.196827,0.03331,3.46253,-0.0363635,0.1263,-0.00418558,0,1,11000,0,0,0,0,0.002,0,0.57169,0,0.109756,0,0,0.689618,0,-0.0535757,0.348868,0.00202905,-0.0755578,-0.0568105,0,0,0,0,-0.0505106,0.0326845,0.00355678,0,0,0,10.5979,0.40926,1,0,0,0,0.57169,0.57169,0.57169,0.57169
0.684355,0.0701693,4.22501,0.178021,0.0732804,3.65436,-0.0465613,0.216385,-0.00858709,0,1,11200,0,0,0,0,0.002,0,0.57169,0,0.153659,0,0,0.965465,0,-0.0494962,0.470825,-0.00101212,-0.0766995,-0.0532559,0,0,0,0,-0.0584701,0.114015,-0.000507989,0,0,0,10.6121,0.333265,1,0,0,0,0.57169,0.57169,0.57169,0.57169
0.936284,0.129605,4.95683,0.284671,0.131001,3.9084,-0.0585476,0.319563,-0.0152867,0,1,11400,0,0,0,0,0.002,0,0.57291,0,0.114634,0,0,0.720268,0,-0.0541084,0.46393,-0.0152266,-0.0970809,-0.0604733,0,0,0,0,-0.0685924,0.203787,-0.00781467,0,0,0,10.6777,0.223305,1,0,0,0,0.57291,0.57291,0.57291,0.57291
1.29668,0.207258,5.6705,0.8054,0.197791,4.34162,-0.0691541,0.328033,-0.0170825,0,1,11600,0,0,0,0,0.002,0,0.622941,0,0,0,0,0,0,-0.0676741,0.0882577,-0.00412661,-0.187497,-0.085096,0,0,0,0,-0.0799976,0.215438,-0.00998287,0,0,0,12.4908,0,1,0,0,0,0.622941,0.622941,0.622941,0.622941
1.83653,0.321111,6.51405,1.39485,0.271515,5.12475,-0.0825942,0.330211,-0.0184954,0,1,11800,0,0,0,0,0.002,0,0.640635,0,0,0,0,0,0,-0.0760398,0.0050773,-0.00504116,-0.257203,-0.0988285,0,0,0,0,-0.0933191,0.211498,-0.0103664,0,0,0,13.3044,0,1,0,0,0,0.640635,0.640635,0.640635,0.640635
2.49805,0.463803,7.41212,1.96444,0.593233,5.85781,-0.0387594,0.327634,-0.0187254,0,1,12000,0,0,0,0,0.002,0,0.633923,0.0964591,0,0,0.60607,0,0,0.569429,0.0307912,0.0112115,-0.342919,-0.116234,0,0,0,0,-0.0644102,0.201692,-0.00984574,0,0,0,13.1718,0,1,-0.0130506,0,0,0.646974,0.620872,0.620872,0.646974
3.35774,0.632791,8.47405,2.56734,0.755767,6.58393,-0.026831,0.319163,-0.0195194,0,1,12200,0,0,0,0,0.002,0,0.629652,0,0,0,0,0,0,-0.0636649,-0.0861513,0.0060725,-0.463446,-0.171285,0,0,0,0,-0.0376453,0.191296,-0.00978681,0,0,0,12.9602,0,1,0,0,0,0.629652,0.629652,0.629652,0.629652
4.30557,0.797604,9.57009,3.10919,0.800415,7.23088,-0.0225571,0.31238,-0.0199685,0,1,12400,0,0,0,0,0.002,0,0.624771,0,0,0,0,0,0,0.142544,-0.105731,-0.00434056,-0.546008,-0.166982,0,0,0,0,-0.0389387,0.178474,-0.0100927,0,0,0,12.775,0,1,-0.00802306,0.00594569,0,0.626849,0.622694,0.610802,0.63874
5.37958,0.967817,10.7557,3.64779,0.762354,7.84139,-0.0339698,0.303934,-0.0203942,0,1,12600,0,0,0,0,0.002,0,0.6205,0,0,0,0,0,0,-0.0916548,-0.12024,-0.0125253,-0.621995,-0.144904,0,0,0,0,-0.0476608,0.161334,-0.00984042,0,0,0,12.6616,0,1,0.00521805,0.00685261,0,0.60843,0.632571,0.618866,0.622135
6.65065,1.15771,12.1085,4.16921,0.740351,8.43322,-0.0423054,0.299446,-0.020583,0,1,12800,0,0,0,0,0.002,0,0.586943,0,0,0,0,0,0,-0.0705394,-0.0538865,-0.00791161,-0.665974,-0.184107,0,0,0,0,-0.0560203,0.150577,-0.00931034,0,0,0,11.61,0,1,0,0,0,0.586943,0.586943,0.586943,0.586943
7.94802,1.34784,13.4145,4.6698,0.712288,8.48105,-0.0526855,0.291199,-0.0201453,0,1,13000,0,0,0,0,0.002,0,0.515558,0,0,0,0,0,0,-0.043218,-0.0188899,0.00319226,-0.672747,-0.134006,0,0,0,0,-0.066476,0.131704,-0.00748604,0,0,0,8.89685,0.317228,1,0,0,0,0.515558,0.515558,0.515558,0.515558
9.40395,1.56326,14.753,5.18606,0.708113,8.25127,-0.0635914,0.279599,-0.0189208,0,1,13200,0,0,0,0,0.002,0,0.503966,0,0,0,0,0,0,-0.0593248,-0.0851251,0.00659124,-0.699413,-0.140102,0,0,0,0,-0.0780533,0.115559,-0.00578917,0,0,0,8.31901,0,1,0,0,0,0.503966,0.503966,0.503966,0.503966
10.8357,1.78106,15.9469,5.66861,0.707644,7.9301,-0.07578,0.266178,-0.0169068,0,1,13400,0,0,0,0,0.002,0,0.489933,0.0634921,0,0,0.398932,0,0,-0.113416,-0.125548,0.0252378,-0.76156,-0.141834,0,0,0,0,-0.0905211,0.0952994,-0.00248403,0,0,0,7.97336,0,1,0.0188022,0.00708967,0,0.464041,0.515825,0.501645,0.47822
12.4123,2.02807,17.1324,6.16532,1.24683,7.41065,-0.00385494,0.251154,-0.0119504,0,1,13600,0,0,0,0,0.002,0,0.484442,0.032967,0,0,0.207138,0,0,0.380797,-0.101152,0.0258979,-0.819728,-0.197364,0,0,0,0,-0.0294389,0.0727945,0.00340148,0,0,0,7.69229,0,1,-0.0152679,0.00619197,0,0.493518,0.475366,0.462982,0.505902
13.9405,2.25887,18.1638,6.56591,1.25383,6.95959,-0.00416287,0.238578,-0.0102869,0,1,13800,0,0,0,0,0.002,0,0.484442,0,0,0,0,0,0,-0.0753277,-0.04691,0.0178181,-0.844591,-0.2065,0,0,0,0,-0.0194349,0.0541207,0.00603518,0,0,0,7.71488,0,1,0,0,0,0.484442,0.484442,0.484442,0.484442
15.5055,2.4849,19.1148,6.94437,1.13756,6.51983,-0.0173579,0.220892,-0.00806316,0,1,14000,0,0,0,0,0.002,0,0.504576,0,0,0,0,0,0,-0.0938634,-0.176454,0.0125602,-0.948107,-0.219236,0,0,0,0,-0.0342895,0.0315475,0.00907389,0,0,0,8.1969,0,1,0.00534883,0.00995281,0,0.489274,0.519878,0.499972,0.50918
17.2063,2.72496,20.0647,7.28868,1.04202,6.25376,-0.029852,0.206117,-0.00455388,0,1,14200,0,0,0,0,0.002,0,0.528981,0,0,0,0,0,0,-0.0342696,-0.052533,0.0269839,-1.03242,-0.205026,0,0,0,0,-0.0477489,0.0128374,0.0136641,0,0,0,9.33018,0.523905,1,0,0,0,0.528981,0.528981,0.528981,0.528981
18.8389,2.95541,20.9195,7.57443,0.973088,5.89752,-0.042841,0.18957,-0.000204007,0,1,14400,0,0,0,0,0.002,0,0.452715,0,0,-0.20757,0,0,-0.652101,-0.0602884,-0.100549,0.0157127,-0.914005,-0.197779,0,0,0,0,-0.0607554,-0.00543974,0.0185819,0,0,0,7.25847,0,1,0,0.0056898,0,0.447025,0.458405,0.447025,0.458405
20.5916,3.20769,21.7238,7.8732,0.9317,5.15904,-0.0546958,0.167532,0.00616876,0,1,14600,0,0,0,0,0.002,0,0.455766,0,0,-0.253968,0,0,-0.797865,-0.0589971,-0.188703,0.0251768,-0.964464,-0.16097,0,0,0,0,-0.0741214,-0.0317807,0.0255322,0,0,0,6.90742,0,1,0,0.0106199,0,0.445146,0.466386,0.445146,0.466386
22.2491,3.45457,22.3568,8.10425,0.91138,4.32773,-0.0672897,0.149531,0.0132676,0,1,14800,0,0,0,0,0.002,0,0.409396,0,0,-0.391941,0,0,-1.23132,-0.0573418,-0.135364,0.0330827,-0.900945,-0.158342,0,0,0,0,-0.0892624,-0.057441,0.0334376,0,0,0,5.55097,0,1,0,0.00772549,-0.00508761,0.406758,0.422209,0.396583,0.412034
24.0097,3.72761,22.8595,8.28243,0.993857,3.32342,-0.058009,0.134871,0.0200777,0,1,15000,0,0,0,0,0.002,0,0.406955,0.042735,0,-0.442002,0.268512,0,-1.38859,0.0676416,-0.0876993,0.0353664,-0.91298,-0.168963,0,0,0,0,-0.0863066,-0.0797926,0.0425701,0,0,0,5.4927,0,1,0,0.00505784,-0.00572583,0.407623,0.417739,0.396172,0.406287
25.6614,3.99248,23.1665,8.40502,1.08492,2.32964,-0.0435728,0.119237,0.0237205,0,1,15200,0,0,0,0,0.002,0,0.348993,0.037851,0,-0.669109,0.237825,0,-2.10207,0.0629052,-0.0844659,-0.00412373,-0.879436,-0.154974,0,0,0,0,-0.0732022,-0.102036,0.0481402,0,0,0,4.95774,0,1,0,0,-0.00842177,0.357415,0.357415,0.340572,0.340572
27.4058,4.27751,23.2762,8.5081,1.17014,0.923776,-0.0347729,0.0991419,0.022847,0,1,15400,0,0,0,0,0.002,0,0.328859,0.032967,0,-0.793651,0.207138,0,-2.49333,0.0503569,-0.117789,-0.0169642,-0.72285,-0.150904,0,0,0,0,-0.0650317,-0.127263,0.0491714,0,0,0,3.53933,0,1,0,0.0064854,-0.00993545,0.332309,0.34528,0.312438,0.325409
29.0339,4.54672,23.1574,8.53281,1.25245,-0.31688,-0.0263443,0.0811111,0.0181943,0,1,15600,0,0,0,0,0.002,0,0.304454,0.029304,0,-0.915751,0.184123,0,-2.87692,0.0471897,-0.152603,-0.0117354,-0.756285,-0.158942,0,0,0,0,-0.0561773,-0.152403,0.0457969,0,0,0,3.33917,0,1,0,0.00862934,-0.0114907,0.307315,0.324574,0.284334,0.301593
30.6465,4.81528,22.8035,8.51219,1.35575,-1.78435,-0.0228341,0.0623943,0.00861676,0,1,15800,0,0,0,0,0.002,0,0.303844,0.026862,0,-0.986569,0.168779,0,-3.0994,0.0111389,-0.143358,-0.0734547,-0.701349,-0.182788,0,0,0,0,-0.0502262,-0.178658,0.0380501,0,0,0,3.11659,0,1,0,0.00811172,-0.0121338,0.307866,0.324089,0.283598,0.299822
32.3409,5.09894,22.1539,8.42483,1.50746,-3.31251,-0.0236002,0.0454852,-0.00687728,0,1,16000,0,0,0,0,0.002,0,0.303844,0,0,-1,0,0,-3.14159,-0.0230222,-0.117045,-0.0873835,-0.703198,-0.173935,0,0,0,0,-0.0473331,-0.202339,0.0244157,0,0,0,3.11236,0,1,0,0.00671714,-0.0122468,0.309373,0.322808,0.28488,0.298314
33.9162,5.36434,21.2849,8.27907,1.73581,-4.73375,-0.0342095,0.0293367,-0.0265095,0,1,16200,0,0,0,0,0.002,0,0.304454,0,0,-1,0,0,-3.14159,-0.061504,-0.112024,-0.110111,-0.676824,-0.189701,0,0,0,0,-0.0533507,-0.226064,0.00586907,0,0,0,3.10932,0,1,0,0.00636962,-0.0121559,0.31024,0.322979,0.285928,0.298668
35.5658,5.64627,20.1142,8.02228,2.05652,-5.80236,-0.0492017,0.0116463,-0.050709,0,1,16400,0,0,0,0,0.002,0,0.612569,0,0,-0.139194,0,0,-0.437291,-0.0864396,-0.11191,-0.127842,-1.12987,-0.345166,0,0,0,0,-0.0622288,-0.250747,-0.018066,0,0,0,9.64722,0.160803,1,0,0.00646003,0,0.606109,0.619029,0.606109,0.619029
37.0797,5.92211,19.0346,7.61232,2.27076,-5.27193,-0.050298,-0.0132113,-0.0691464,0,1,16600,0,0,0,0,0.002,0,0.681513,0.042735,0.145122,0,0.268512,0.911828,0,0.0673059,-0.188209,-0.105924,-1.32976,-0.425244,0,0,0,0,-0.0634799,-0.281839,-0.0375514,0,0,0,14.1767,0,1,0,0.0389533,0,0.64256,0.720466,0.64256,0.720466
38.6338,6.23135,18.0586,7.37014,2.30469,-4.33548,-0.0298208,0.0057735,-0.0849757,0,1,16800,0,0,0,0,0.002,0,0.681513,0.0586081,0.178049,0,0.368245,1.11871,0,0.138778,0.10162,-0.0608509,-1.27504,-0.447327,0,0,0,0,-0.0423736,-0.276591,-0.0539666,0,0,0,14.2076,0,1,0,0.0291112,0,0.652402,0.710624,0.652402,0.710624
40.0537,6.52659,17.3044,7.31358,2.16306,-3.29222,0.0155691,0.048396,-0.0933977,0,1,17000,0,0,0,0,0.002,0,0.672971,0.105006,0.134146,0,0.659773,0.842866,0,0.316076,0.194182,-0.0129619,-1.30654,-0.393716,0,0,0,0,0.00262061,-0.239919,-0.0632361,0,0,0,14.2934,0,1,0,0.0152858,0,0.657686,0.688257,0.657686,0.688257
41.5373,6.81827,16.68,7.2908,1.88627,-2.21722,0.0717425,0.092949,-0.0953986,0,1,17200,0,0,0,0,0.002,0,0.661989,0.0659341,0.129268,-0.026862,0.414276,0.812217,-0.0843896,0.238125,0.284492,-0.0193694,-1.28259,-0.358818,0,0,0,0,0.0593927,-0.20666,-0.0662002,0,0,0,14.2182,0,1,0,0.00934785,0,0.652641,0.671337,0.652641,0.671337
42.9328,7.04357,16.2564,7.37697,1.62131,-0.964576,0.107389,0.152877,-0.0918315,0,1,17400,0,0,0,0,0.002,0,0.680903,0.0622711,0.12561,0,0.391261,0.789229,0,0.145972,0.203403,-0.00142647,-1.30797,-0.326598,0,0,0,0,0.0971994,-0.146928,-0.0632205,0,0,0,14.2903,0,1,0,0.0134997,0,0.667403,0.694403,0.667403,0.694403
44.3524,7.20089,15.9936,7.427,1.35047,-0.139716,0.126769,0.141934,-0.093787,0,1,17600,0,0,0,0,0.002,0,0.692495,0.035409,0.119512,0,0.222482,0.750917,0,0.0651897,-0.184773,0.000381778,-1.31306,-0.28382,0,0,0,0,0.118366,-0.155772,-0.0654744,0,0,0,14.3024,0,1,0,0.0337172,0,0.658778,0.726213,0.658778,0.726213
45.8797,7.28531,15.8898,7.40998,1.05729,0.221741,0.123634,0.0584489,-0.104743,0,1,17800,0,0,0,0,0.002,0,0.710799,0,0.121951,0,0,0.766242,0,-0.0607774,-0.566646,-5.49778e-05,-1.28503,-0.236779,0,0,0,0,0.120096,-0.235397,-0.0743409,0,0,0,14.2955,0,1,0,0.0555465,0,0.655253,0.766346,0.655253,0.766346
47.2938,7.29426,15.9558,7.23195,0.792307,0.289005,0.108536,-0.0489746,-0.115444,0,1,18000,0,0,0,0,0.002,0,0.71446,0,0.178049,0,0,1.11871,0,-0.0656749,-0.546124,0.0202288,-1.26445,-0.197812,0,0,0,0,0.107382,-0.353976,-0.0864524,0,0,0,14.2075,0,1,0,0.0654083,0,0.649052,0.779868,0.649052,0.779868
48.7158,7.24618,16.1928,6.8711,0.525459,0.7877,0.0959233,-0.100618,-0.115258,0,1,18200,0,0,0,0,0.002,0,0.716901,0.030525,0.245122,0,0.191794,1.54015,0,-0.029493,-0.208842,0.029894,-1.21633,-0.165606,0,0,0,0,0.0929659,-0.418222,-0.0888177,0,0,0,14.294,0,1,0.00805502,0.0594713,0,0.649374,0.784427,0.665484,0.768317
49.9519,7.15589,16.5716,6.47496,0.281557,1.46733,0.112786,-0.125951,-0.108324,0,1,18400,0,0,0,0,0.002,0,0.716901,0.0525031,0.269512,0,0.329886,1.6934,0,0.132674,-0.0987874,0.0549246,-1.12897,-0.0965748,0,0,0,0,0.104847,-0.453045,-0.0818259,0,0,0,14.2917,0,1,0,0.058138,0,0.658763,0.775038,0.658763,0.775038
51.0772,7.01718,17.0999,6.05691,0.0227464,2.23433,0.129061,-0.145709,-0.10013,0,1,18600,0,0,0,0,0.002,0,0.71568,0.04884,0.25122,0,0.306871,1.57846,0,0.0517152,-0.172094,0.0639353,-1.06908,-0.0690553,0,0,0,0,0.118926,-0.478392,-0.072552,0,0,0,14.3458,0,1,0.00669854,0.0586576,0,0.650324,0.781036,0.663721,0.767639
52.1428,6.80832,17.8223,5.57322,-0.258624,3.10551,0.149109,-0.153538,-0.0882159,0,1,18800,0,0,0,0,0.002,0,0.71263,0.0586081,0.318293,0,0.368245,1.99989,0,0.129995,0.0582916,0.066604,-0.985584,-0.0270306,0,0,0,0,0.132669,-0.49836,-0.0611334,0,0,0,14.2112,0,1,0,0.0589122,0,0.653718,0.771542,0.653718,0.771542
53.0252,6.54398,18.6518,4.98898,-0.521678,4.21281,0.169217,-0.113953,-0.0683051,0,1,19000,0,0,0,0,0.002,0,0.711409,0.0512821,0.321951,0,0.322215,2.02288,0,0.106102,0.221058,0.0738179,-0.921576,0.0522266,0,0,0,0,0.145996,-0.465893,-0.0394484,0,0,0,14.2917,0,1,0,0.0504671,0,0.660942,0.761876,0.660942,0.761876
53.8597,6.17737,19.6978,4.36051,-0.839809,5.42757,0.180834,-0.0603371,-0.0439964,0,1,19200,0,0,0,0,0.002,0,0.708969,0.030525,0.331707,0,0.191794,2.08418,0,0.0479247,0.301678,0.0724866,-0.811215,0.0711368,0,0,0,0,0.15072,-0.420594,-0.0160848,0,0,0,14.2952,0,1,0,0.047775,0,0.661194,0.756744,0.661194,0.756744
54.5812,5.74419,20.8414,3.72892,-1.21721,6.59558,0.17495,0.00697121,-0.0185505,0,1,19400,0,0,0,0,0.002,0,0.705918,0,0.332927,0,0,2.09184,0,-0.0661263,0.371199,0.0555518,-0.726031,0.14446,0,0,0,0,0.137936,-0.357247,0.00916346,0,0,0,14.3654,0,1,0,0.0441802,0,0.661738,0.750098,0.661738,0.750098
55.3274,5.19345,22.23,2.95524,-1.682,7.84707,0.157183,0.10612,0.0112822,0,1,19600,0,0,0,0,0.002,0,0.701647,0,0.35,0,0,2.19911,0,-0.105564,0.502958,0.0609923,-0.609225,0.212183,0,0,0,0,0.111203,-0.268759,0.0352725,0,0,0,14.3956,0,1,0.00601257,0.0401836,0,0.655451,0.747844,0.667476,0.735818
56.0689,4.60095,23.7016,2.1393,-2.07997,9.02681,0.144986,0.221896,0.0414931,0,1,19800,0,0,0,0,0.002,0,0.699817,0,0.35,0,0,2.19911,0,-0.10357,0.605006,0.0624689,-0.432222,0.288121,0,0,0,0,0.0865166,-0.15501,0.0601271,0,0,0,14.3917,0,1,0.00594342,0.0343974,0,0.659476,0.740158,0.671363,0.728271
56.975,3.90741,25.4324,1.19327,-2.50229,10.2457,0.132008,0.366854,0.0751421,0,1,20000,0,0,0,0,0.002,0,0.692495,0,0.313415,-0.037851,0,1.96924,-0.118913,-0.146597,0.731494,0.0663021,-0.316235,0.325914,0,0,0,0,0.0631225,-0.0201522,0.082091,0,0,0,14.4235,0,1,0.00830162,0.0201882,0,0.664006,0.720985,0.680609,0.704382
58.0186,3.21403,27.1983,0.215106,-3.04477,11.3172,0.104421,0.524841,0.105551,0,1,20200,0,0,0,0,0.002,0,0.698597,0,0.278049,-0.026862,0,1.74703,-0.0843896,-0.269415,0.857277,0.0449634,-0.16052,0.434035,0,0,0,0,0.0250829,0.136575,0.0992084,0,0,0,14.4493,0,1,0.0151524,0.0063212,0,0.677123,0.72007,0.707428,0.689766
59.3293,2.51428,29.0593,-0.921157,-3.79542,12.2474,0.0553356,0.709243,0.126833,0,1,20400,0,0,0,0,0.002,0,0.691885,0,0.047561,0,0,0.298834,0,-0.287512,0.882664,-0.0126015,0.0326142,0.543473,0,0,0,0,-0.0388183,0.323172,0.101368,0,0,0,14.1618,0,1,0.016229,-0.0401428,0,0.715799,0.667971,0.748257,0.635513
61.0942,1.80854,31.0751,-0.979443,-3.98262,13.5008,0.0395372,0.817761,0.128232,0,1,20600,0,0,0,0,0.002,0,0.687614,0,-0.0732601,0,0,-0.460307,0,-0.110839,0.458584,-0.0145469,0.0866778,0.616877,0,0,0,0,-0.062344,0.431159,0.0910685,0,0,0,14.3655,0,1,0.00612468,-0.0398964,0,0.721386,0.653843,0.733635,0.641593
63.1434,1.19842,32.969,0.533752,-4.12823,14.8378,0.0180328,0.79584,0.121498,0,1,20800,0,0,0,0,0.002,0,0.687614,0,-0.262515,0,0,-1.64943,0,-0.117002,-0.492111,-0.0107314,-0.0716741,0.644851,0,0,0,0,-0.0812373,0.424887,0.0878305,0,0,0,14.3026,0,1,0.00666133,-0.0236965,0,0.70465,0.670579,0.717972,0.657257
65.7191,0.617542,34.9955,3.49048,-4.44812,15.9587,-0.0168664,0.690098,0.116499,0,1,21000,0,0,0,0,0.002,0,0.687614,0,0,0,0,0,0,-0.217795,-0.52335,-0.0116041,-0.576677,0.672615,0,0,0,0,-0.107618,0.31312,0.0961466,0,0,0,14.3292,0,1,0.0123254,0.0294226,0,0.645866,0.729362,0.670517,0.704712
68.468,0.146106,36.9604,5.39695,-4.83406,16.8242,-0.050327,0.639309,0.120093,0,1,21200,0,0,0,0,0.002,0,0.684564,0,0,0,0,0,0,-0.232141,-0.284413,0.00324441,-0.908963,0.762932,0,0,0,0,-0.141858,0.249362,0.105328,0,0,0,14.4095,0,1,0.0130694,0.0158446,0,0.65565,0.713478,0.681789,0.687339
71.6908,-0.253852,39.1363,7.34916,-5.53564,17.4388,-0.101338,0.574506,0.132362,0,1,21400,0,0,0,0,0.002,0,0.669921,0,0,0,0,0,0,-0.315235,-0.528175,0.0362916,-1.2116,0.815393,0,0,0,0,-0.193036,0.189243,0.120889,0,0,0,14.4447,0,1,0.0177432,0.0294871,0,0.62269,0.717151,0.658177,0.681665
74.9581,-0.512338,41.2717,8.4803,-5.8166,18.019,-0.120551,0.556756,0.147315,0,1,21600,0,0,0,0,0.002,0,0.595485,0,0,0,0,0,0,-0.0539831,-0.196685,0.0579635,-1.34862,0.842754,0,0,0,0,-0.227856,0.155446,0.138768,0,0,0,12.0432,0,1,0,0.0107538,0,0.584731,0.606239,0.584731,0.606239
78.3957,-0.658804,43.4347,9.24997,-5.90788,18.3933,-0.13256,0.55432,0.162354,0,1,21800,0,0,0,0,0.002,0,0.562538,0,0,0,0,0,0,-0.0918468,-0.125808,0.0759764,-1.35415,0.781114,0,0,0,0,-0.244938,0.144782,0.155053,0,0,0,10.6667,0.123462,1,0.00522146,0.00696847,0,0.550348,0.574728,0.560791,0.564285
82.2009,-0.697872,45.7168,10.2403,-5.87028,18.5262,-0.127442,0.539472,0.183193,0,1,22000,0,0,0,0,0.002,0,0.548505,0.10989,0,0,0.69046,0,0,0.160008,-0.154517,0.0854557,-1.49174,0.759902,0,0,0,0,-0.252937,0.125543,0.176089,0,0,0,10.1931,0.202567,1,0.0129063,0.00879932,0,0.5268,0.570211,0.552612,0.544398
85.908,-0.634651,47.8341,11.1476,-5.26172,18.6819,-0.0990373,0.52582,0.20389,0,1,22200,0,0,0,0,0.002,0,0.454545,0,0,-0.595849,0,0,-1.87191,-0.201457,-0.0527435,0.0684367,-1.43549,0.602582,0,0,0,0,-0.215328,0.106956,0.200249,0,0,0,8.29529,0,1,0.0113647,0,-0.0077914,0.450972,0.473702,0.458119,0.435389
89.9378,-0.490733,49.9793,12.112,-5.50849,17.9667,-0.109962,0.508657,0.220371,0,1,22400,0,0,0,0,0.002,0,0.414887,0.042735,0,-0.864469,0.268512,0,-2.71581,-0.0860412,-0.0907057,0.0509568,-1.36937,0.531577,0,0,0,0,-0.237184,0.0880132,0.217709,0,0,0,6.03319,0,1,0.0135349,0,-0.0110971,0.412449,0.439519,0.417325,0.390255
93.7809,-0.297722,51.839,13.0835,-5.17419,17.1591,-0.0915795,0.487787,0.233482,0,1,22600,0,0,0,0,0.002,0,0.401464,0.0598291,0,-0.980464,0.375917,0,-3.08022,0.04827,-0.161354,0.0439375,-1.39073,0.498575,0,0,0,0,-0.227046,0.0626406,0.23502,0,0,0,5.52355,0,1,0.00906384,0.00899057,-0.0125266,0.395937,0.432045,0.389011,0.388864
97.9024,-0.0434373,53.6264,14.0399,-4.24477,16.3525,-0.0310909,0.46772,0.244467,0,1,22800,0,0,0,0,0.002,0,0.386821,0.142857,0,-1,0.897598,0,-3.14159,0.420995,-0.135094,0.0586727,-1.46182,0.361325,0,0,0,0,-0.181807,0.0387321,0.248254,0,0,0,5.14674,0,1,0,0.00741978,-0.0128311,0.392233,0.407072,0.36657,0.38141
101.811,0.225217,55.1234,14.947,-3.04557,15.5268,0.0454802,0.444586,0.2494,0,1,23000,0,0,0,0,0.002,0,0.38072,0.126984,0,-1,0.797865,0,-3.14159,0.355768,-0.167644,0.0087949,-1.48871,0.24704,0,0,0,0,-0.102748,0.00882993,0.25864,0,0,0,5.04095,0,1,0,0.00950887,-0.0126316,0.383843,0.40286,0.35858,0.377597
105.744,0.503308,56.4396,15.8484,-2.13713,14.487,0.107642,0.418091,0.245727,0,1,23200,0,0,0,0,0.002,0,0.3795,0.120879,0,-1,0.759506,0,-3.14159,0.33211,-0.194416,-0.00575174,-1.57681,0.189124,0,0,0,0,-0.0361989,-0.0241657,0.26046,0,0,0,4.96589,0,1,0.00503477,0.0109261,-0.0125734,0.376112,0.408034,0.361035,0.372818
109.945,0.791882,57.6398,16.7792,-1.58603,13.1684,0.139347,0.386885,0.230983,0,1,23400,0,0,0,0,0.002,0,0.375839,0,0,-1,0,0,-3.14159,0.0122834,-0.204534,-0.0755544,-1.64876,0.109384,0,0,0,0,0.00788099,-0.0618202,0.253063,0,0,0,4.9559,0,1,0,0.0113723,-0.0122942,0.376761,0.399505,0.352172,0.374917
113.911,1.04878,58.5814,17.5883,-1.74716,11.7098,0.106675,0.357073,0.207073,0,1,23600,0,0,0,0,0.002,0,0.373398,0,0,-1,0,0,-3.14159,-0.087813,-0.189231,-0.0793099,-1.69545,0.106438,0,0,0,0,-0.0151806,-0.101824,0.234274,0,0,0,4.87042,0,1,0.00505147,0.0107182,-0.0122791,0.369908,0.401447,0.355453,0.366786
118.129,1.30861,59.381,18.3038,-1.45499,10.1941,0.133805,0.325205,0.190292,0,1,23800,0,0,0,0,0.002,0,0.371568,0.238095,0,-1,1.496,0,-3.14159,0.535456,-0.182823,-0.00176839,-1.7865,0.100519,0,0,0,0,0.000898311,-0.141583,0.221088,0,0,0,4.91416,0,1,0.0170423,0.0102975,-0.0125893,0.356817,0.411497,0.365723,0.352234
122.094,1.53135,59.9439,18.8665,-0.192418,8.80737,0.331107,0.288772,0.190982,0,1,24000,0,0,0,0,0.002,0,0.373398,0.395604,-0.031746,-1,2.48566,-0.199466,-3.14159,1.23663,-0.201363,0.0707726,-1.80642,0.00373034,0,0,0,0,0.188302,-0.184597,0.225233,0,0,0,4.88768,0,1,0.00791577,0.0052002,-0.0128795,0.373162,0.399394,0.363235,0.357803
126.297,1.7046,60.3312,19.512,0.912339,6.64061,0.60555,0.223521,0.168994,0,1,24200,0,0,0,0,0.002,0,0.373398,0.34188,-0.0927961,-1,2.1481,-0.583055,-3.14159,1.39385,-0.388627,0.031784,-1.87495,-0.106868,0,0,0,0,0.461932,-0.252053,0.214114,0,0,0,4.94798,0,1,-0.0111972,0,-0.0127235,0.397319,0.374925,0.349478,0.371872
130.23,1.7647,60.4758,20.1455,0.998662,3.14955,0.786577,0.120106,0.0614851,0,1,24400,0,0,0,0,0.002,0,0.374619,0.269841,-0.257631,-1,1.69546,-1.61875,-3.14159,0.884493,-1.0167,-0.125048,-1.94597,-0.113874,0,0,0,0,0.711314,-0.365228,0.119907,0,0,0,4.98552,0,1,0,0.0116341,-0.0120962,0.375081,0.398349,0.350888,0.374157
134.354,1.69404,60.3685,19.9816,0.261651,-2.05805,0.946337,-0.00612705,-0.141276,0,1,24600,0,0,0,0,0.002,0,0.374619,0.26862,-0.282051,-1,1.68779,-1.77218,-3.14159,0.824169,-1.21531,-0.202908,-1.97226,-0.0936407,0,0,0,0,0.970015,-0.49835,-0.0947623,0,0,0,5.02417,0,1,0.00626939,0.0131235,-0.0117847,0.36701,0.405796,0.35598,0.369688
138.145,1.49921,59.9959,18.5747,-1.11117,-6.53781,1.11537,-0.0817175,-0.361347,0,1,24800,0,0,0,0,0.002,0,0.374619,0.251526,-0.273504,-1,1.58039,-1.71848,-3.14159,0.760786,-1.19984,-0.294726,-1.80975,0.0575142,0,0,0,0,1.27852,-0.561127,-0.37375,0,0,0,4.96107,0,1,0.0082085,0.0131055,-0.0114175,0.364722,0.40735,0.358304,0.368098
141.818,1.19053,59.3348,16.3728,-2.87271,-9.95395,1.27419,-0.101937,-0.590378,0,1,25000,0,0,0,0,0.002,0,0.374619,0.159951,-0.300366,-1,1.005,-1.88726,-3.14159,0.589009,-1.18469,-0.369393,-1.57655,0.231374,0,0,0,0,1.57353,-0.530653,-0.656502,0,0,0,4.86929,0,1,0,0.00773968,-0.0111188,0.377998,0.393477,0.35576,0.37124
145.568,0.758723,58.2957,13.3097,-4.35487,-12.9786,1.37163,-0.0794789,-0.857176,0,1,25200,0,0,0,0,0.002,0,0.374619,0.108669,-0.333333,-1,0.682788,-2.0944,-3.14159,0.25235,-1.2969,-0.435676,-1.28493,0.370259,0,0,0,0,1.77563,-0.42064,-0.928458,0,0,0,4.79525,0,1,0.00706207,0.00753285,-0.0108537,0.370877,0.400067,0.363294,0.364236
148.939,0.28135,56.9919,9.98176,-5.7826,-15.028,1.43369,-0.0350437,-1.11327,0,1,25400,0,0,0,0,0.002,0,0.374619,0.0976801,-0.347985,-1,0.613742,-2.18646,-3.14159,0.221721,-1.34603,-0.449011,-0.986237,0.465706,0,0,0,0,1.90699,-0.264322,-1.16987,0,0,0,4.76462,0,1,0.00672878,0.00748892,-0.0108003,0.371201,0.399637,0.363058,0.364578
152.343,-0.269776,55.2575,6.50978,-7.40178,-16.1733,1.46519,0.0327419,-1.36601,0,1,25600,0,0,0,0,0.002,0,0.373398,0,-0.137973,-1,0,-0.866911,-3.14159,-0.00534716,-1.05051,-0.489445,-0.66455,0.644427,0,0,0,0,1.97907,-0.0836731,-1.37562,0,0,0,4.66121,0,1,0,0.0324554,-0.0106386,0.351582,0.416492,0.330304,0.395215
155.376,-0.805496,53.2997,6.78375,-6.76446,-16.5109,1.33011,0.134354,-1.39638,0,1,25800,0,0,0,0,0.002,0,0.364857,-0.717073,0,-1,-4.5055,0,-3.14159,-1.50735,-0.0114993,-0.583306,-0.694568,0.564675,0,0,0,0,1.88164,0.0339263,-1.37903,0,0,0,4.66464,0,1,-0.0557004,0,-0.0102631,0.43082,0.319419,0.298893,0.410294
158.434,-1.38727,50.8963,7.24564,2.48412,-17.8541,0.71101,0.245015,-1.47084,0,1,26000,0,0,0,0,0.002,0,0.352654,-1,0,-1,-6.28319,0,-3.14159,-3.52455,-0.0530231,-0.672042,-0.723559,-0.20755,0,0,0,0,1.33556,0.162488,-1.38399,0,0,0,4.20586,0,1,0,0,-0.0099082,0.362562,0.362562,0.342746,0.342746
161.201,-1.94894,48.3741,6.43944,12.7401,-13.8628,0.080982,0.278168,-1.59291,0,1,26200,0,0,0,0,0.002,0,0.419768,-0.257317,0,-0.592186,-1.61677,0,-1.86041,-2.25201,-0.112113,-0.596112,-0.702288,-1.35641,0,0,0,0,0.648373,0.260682,-1.47038,0,0,0,5.48992,0,1,0.0771184,0.00606052,-0.00508718,0.341676,0.508034,0.485739,0.343623
163.891,-2.54328,45.7064,5.17524,13.5915,-13.649,0.0374173,0.253381,-1.68661,0,1,26400,0,0,0,0,0.002,0,0.549725,0,0,-0.124542,0,0,-0.391261,0.0970542,-0.174779,-0.439724,-0.774801,-1.94394,0,0,0,0,0.555783,0.283215,-1.57444,0,0,0,10.0309,0,1,-0.00551562,0.00971772,0,0.545523,0.553927,0.534492,0.564959
166.654,-3.23106,42.8484,4.086,13.1647,-14.0021,0.0485924,0.23303,-1.7713,0,1,26600,0,0,0,0,0.002,0,0.559488,0.156288,0,-0.0695971,0.981988,0,-0.218646,0.318266,-0.150421,-0.365226,-0.642663,-1.93242,0,0,0,0,0.55151,0.299713,-1.66288,0,0,0,10.4219,0,1,0.0129339,0.00829135,0,0.538262,0.580713,0.56413,0.554845
169.149,-3.92539,40.1602,3.5831,10.971,-15.4712,0.158825,0.242742,-1.83619,0,1,26800,0,0,0,0,0.002,0,0.551556,0,0.0780488,-0.0842491,0,0.490395,-0.264676,0.226807,0.20511,-0.325722,-0.54262,-1.62621,0,0,0,0,0.667371,0.33013,-1.72724,0,0,0,10.1967,0,1,-0.0129542,0,0,0.56451,0.538602,0.538602,0.56451
171.664,-4.70422,37.2998,3.76557,10.558,-15.1508,0.145661,0.280733,-1.89544,0,1,27000,0,0,0,0,0.002,0,0.61684,0,0.0902439,-0.0586081,0,0.567019,-0.184123,0.121001,0.0630983,-0.295928,-0.633237,-1.65752,0,0,0,0,0.653064,0.386189,-1.76416,0,0,0,12.0319,0,1,-0.00704619,0.0144546,0,0.609431,0.624248,0.595339,0.63834
173.876,-5.49466,34.6671,4.44183,9.96524,-14.3859,0.147208,0.343437,-1.93876,0,1,27200,0,0,0,0,0.002,0,0.643685,0,0.12561,-0.041514,0,0.789229,-0.13042,0.0446751,0.363738,-0.233952,-0.758738,-1.66605,0,0,0,0,0.660992,0.453568,-1.78017,0,0,0,13.4158,0,1,0,0,0,0.643685,0.643685,0.643685,0.643685
176.038,-6.42233,31.9806,5.6174,9.31327,-13.224,0.15493,0.424727,-1.97468,0,1,27400,0,0,0,0,0.002,0,0.66687,0,0.162195,0,0,1.0191,0,0.0962881,0.38954,-0.205289,-1.03132,-1.63139,0,0,0,0,0.683882,0.535301,-1.77128,0,0,0,14.3861,0,1,-0.00544378,0.00985884,0,0.662455,0.671285,0.651567,0.682173
177.873,-7.40312,29.5702,6.12577,8.72245,-12.258,0.158302,0.442354,-2.01527,0,1,27600,0,0,0,0,0.002,0,0.698597,0,0.164634,0,0,1.03443,0,0.0812785,-0.0874156,-0.205397,-1.07675,-1.51393,0,0,0,0,0.692078,0.575529,-1.79527,0,0,0,14.3276,0,1,0,0.0370379,0,0.661559,0.735635,0.661559,0.735635
179.603,-8.55834,27.1351,5.67929,8.10329,-11.7249,0.159678,0.382004,-2.06909,0,1,27800,0,0,0,0,0.002,0,0.708969,0,0.134146,0,0,0.842866,0,0.0868443,-0.419738,-0.177493,-0.999176,-1.40918,0,0,0,0,0.669731,0.550252,-1.87666,0,0,0,14.3279,0,1,0,0.0512481,0,0.657721,0.760217,0.657721,0.760217
181.035,-9.7214,24.9699,4.59201,7.51057,-11.4798,0.162003,0.273884,-2.12525,0,1,28000,0,0,0,0,0.002,0,0.720561,0,0.128049,0,0,0.804554,0,0.110163,-0.716401,-0.169945,-0.791064,-1.29539,0,0,0,0,0.633938,0.477878,-1.99179,0,0,0,14.3195,0,1,-0.00617947,0.0650782,0,0.661663,0.77946,0.649304,0.791819
182.299,-10.9097,22.9401,3.04392,6.88931,-11.2435,0.169071,0.141045,-2.18301,0,1,28200,0,0,0,0,0.002,0,0.733984,0,0.195122,0,0,1.22599,0,0.0915907,-0.746023,-0.173143,-0.541222,-1.22034,0,0,0,0,0.599708,0.374311,-2.11976,0,0,0,14.2638,0,1,-0.00521341,0.0799027,0,0.659295,0.808673,0.648868,0.8191
183.492,-12.1394,20.9395,1.76059,6.17594,-10.7121,0.18471,0.0513293,-2.23401,0,1,28400,0,0,0,0,0.002,0,0.736425,0,0.323171,0,0,2.03054,0,0.0783896,-0.297209,-0.159257,-0.332827,-1.08649,0,0,0,0,0.587247,0.298768,-2.21579,0,0,0,14.2241,0,1,0,0.0802086,0,0.656216,0.816633,0.656216,0.816633
184.495,-13.2269,19.2058,1.29038,5.46509,-9.99357,0.203787,0.0307594,-2.26921,0,1,28600,0,0,0,0,0.002,0,0.736425,0,0.368293,0,0,2.31405,0,0.0975889,-0.0925292,-0.154722,-0.260224,-0.975991,0,0,0,0,0.59191,0.28327,-2.26719,0,0,0,14.2521,0,1,-0.0055763,0.0770371,0,0.664964,0.807885,0.653811,0.819038
185.438,-14.2916,17.5238,1.11088,4.71626,-9.14295,0.222435,0.0332956,-2.30051,0,1,28800,0,0,0,0,0.002,0,0.732764,0,0.363415,0,0,2.2834,0,0.0850775,-0.0642716,-0.14131,-0.232875,-0.85399,0,0,0,0,0.601735,0.29113,-2.29909,0,0,0,14.2992,0,1,-0.00512992,0.0746835,0,0.66321,0.802317,0.65295,0.812577
186.207,-15.2033,16.0903,1.17444,4.02731,-8.29775,0.238703,0.0604865,-2.32256,0,1,29000,0,0,0,0,0.002,0,0.726663,0,0.396341,0,0,2.49029,0,0.0768936,0.190149,-0.142075,-0.247523,-0.733397,0,0,0,0,0.613294,0.315335,-2.31781,0,0,0,14.2373,0,1,0,0.0666294,0,0.660033,0.793292,0.660033,0.793292
186.85,-16.0321,14.7988,1.70468,3.35561,-7.34968,0.255295,0.1338,-2.33059,0,1,29200,0,0,0,0,0.002,0,0.724832,-0.0341463,0.451219,0,-0.214548,2.8351,0,0.0811176,0.40743,-0.120775,-0.36259,-0.604661,0,0,0,0,0.635845,0.379661,-2.30186,0,0,0,14.2841,0,1,-0.0112913,0.0651737,0,0.67095,0.778715,0.648367,0.801297
187.37,-16.8457,13.5776,2.71199,2.90247,-6.0421,0.237713,0.261598,-2.32661,0,1,29400,0,0,0,0,0.002,0,0.723612,-0.0634146,0.526829,0,-0.398446,3.31017,0,-0.183572,0.638105,-0.1551,-0.531266,-0.543655,0,0,0,0,0.643964,0.485245,-2.25203,0,0,0,14.3214,0,1,0,0.0670128,0,0.656599,0.790625,0.656599,0.790625
187.673,-17.5968,12.5629,3.92583,2.66076,-4.45571,0.209416,0.420494,-2.31733,0,1,29600,0,0,0,0,0.002,0,0.722392,-0.1,0.531707,0,-0.628319,3.34082,0,-0.195486,0.833663,-0.158468,-0.727581,-0.497653,0,0,0,0,0.654883,0.62364,-2.16936,0,0,0,14.3552,0,1,0,0.0607899,0,0.661602,0.783182,0.661602,0.783182
187.756,-18.4518,11.6109,5.11879,2.55928,-2.49864,0.150381,0.555132,-2.32387,0,1,29800,0,0,0,0,0.002,0,0.722392,-0.0536585,0.312195,0,-0.337147,1.96158,0,-0.309698,0.405138,-0.151408,-0.915166,-0.513498,0,0,0,0,0.649934,0.747901,-2.09368,0,0,0,14.4433,0,1,0.00673849,0.0374604,0,0.678193,0.766591,0.69167,0.753114
187.593,-19.3702,10.8204,5.88394,2.5444,-1.1862,0.073126,0.541987,-2.35766,0,1,30000,0,0,0,0,0.002,0,0.723612,-0.0487805,0.119512,0,-0.306497,0.750917,0,-0.322131,-0.41515,-0.137995,-1.03281,-0.50411,0,0,0,0,0.564128,0.762114,-2.12784,0,0,0,14.4652,0,1,0.00846154,0.0465076,0,0.668643,0.778581,0.685566,0.761658
187.198,-20.4843,10.1036,6.38841,2.58622,-0.892169,0.000940481,0.369269,-2.38907,0,1,30200,0,0,0,0,0.002,0,0.724832,-0.045122,0.0634146,0,-0.28351,0.398446,0,-0.228707,-1.05454,-0.0962627,-1.06187,-0.494642,0,0,0,0,0.421921,0.630587,-2.25329,0,0,0,14.282,0,1,0,0.0714841,0,0.653348,0.796316,0.653348,0.796316
186.697,-21.6275,9.57275,6.48949,2.63962,-1.17556,-0.0287513,0.167047,-2.39799,0,1,30400,0,0,0,0,0.002,0,0.725442,0,0.0609756,0,0,0.383121,0,-0.0732079,-1.20883,-0.042841,-1.11045,-0.500595,0,0,0,0,0.334766,0.437842,-2.35707,0,0,0,14.3528,0,1,0,0.0795882,0,0.645854,0.805031,0.645854,0.805031
186.159,-22.8017,9.20125,6.12675,2.67184,-1.64577,-0.037662,-0.0496154,-2.39795,0,1,30600,0,0,0,0,0.002,0,0.804759,0,0.320732,0,0,2.01522,0,-0.076486,-1.36436,-0.0470725,-1.02332,-0.485468,0,0,0,0,0.297802,0.224529,-2.43959,0,0,0,14.4701,0,1,0,0.138927,0,0.665832,0.943686,0.665832,0.943686
185.647,-24.0001,8.98004,4.98362,2.72098,-2.33009,-0.0536553,-0.346775,-2.38899,0,1,30800,0,0,0,0,0.002,0,0.890787,0,0.506098,0,0,3.1799,0,-0.0829227,-1.48142,-0.0144703,-0.818382,-0.519836,0,0,0,0,0.276018,-0.0580397,-2.52753,0,0,0,14.3547,0,1,0,0.181494,0,0.637012,1,0.637012,1
185.322,-24.9959,8.89482,3.47674,2.77379,-2.29076,-0.073022,-0.579818,-2.37414,0,1,31000,0,0,0,0,0.002,0,0.961562,0,0.547561,0,0,3.44043,0,-0.0730328,-1.22155,0.00131974,-0.553752,-0.518428,0,0,0,0,0.274903,-0.3051,-2.59968,0,0,0,14.0854,0,1,0,0.175246,0,0.649507,1,0.649507,1
185.225,-25.8456,8.87396,1.99503,2.81619,-1.33623,-0.0824458,-0.655123,-2.3661,0,1,31200,0,0,0,0,0.002,0,0.996949,0,0.909756,-0.0622711,0,5.71617,-0.19563,0.0036216,0.0703288,0.00123087,-0.42928,-0.511577,0,0,0,0,0.279051,-0.412889,-2.63194,0,0,0,14.1108,0,1,0,0.174441,0,0.651118,1,0.651118,1
185.387,-26.4327,8.90353,0.910147,2.83753,-0.0373867,-0.0685113,-0.563432,-2.37236,0,1,31400,0,0,0,0,0.002,0,0.997559,0,1,-0.0500611,0,6.28319,-0.157271,0.0838202,0.469777,0.00716359,-0.237196,-0.527909,0,0,0,0,0.277591,-0.336527,-2.60565,0,0,0,14.3605,0,1,0,0.168562,0,0.662876,1,0.662876,1
185.797,-26.8529,9.02569,-0.145579,2.85549,1.12334,-0.0370945,-0.469184,-2.37513,0,1,31600,0,0,0,0,0.002,0,0.996949,0,0.506098,-0.041514,0,3.1799,-0.13042,0.183133,0.348641,0.00664777,-0.0625873,-0.539295,0,0,0,0,0.294675,-0.251467,-2.57588,0,0,0,14.4577,0,1,-0.0103155,0.0790474,0,0.841905,0.979369,0.821274,1
186.363,-27.077,9.25566,-1.02001,2.87803,2.01078,0.0143315,-0.410605,-2.372,0,1,31800,0,0,0,0,0.002,0,0.994509,0,0.915854,-0.03663,0,5.75448,-0.115077,0.326968,0.233824,0.00684705,0.0850985,-0.485091,0,0,0,0,0.34004,-0.197606,-2.55296,0,0,0,14.477,0,1,-0.0183546,0.165384,0,0.669231,0.963291,0.632522,1
187.056,-27.1435,9.61137,-1.90596,2.83677,2.71596,0.0532814,-0.297856,-2.36398,0,1,32000,0,0,0,0,0.002,0,0.992678,0,0.995122,-0.037851,0,6.25254,-0.118913,0.200436,0.658582,0.0218958,0.259532,-0.521099,0,0,0,0,0.379257,-0.105261,-2.51242,0,0,0,14.4586,0,1,-0.011314,0.157033,0,0.685934,0.977372,0.663306,1
187.865,-27.0696,10.1496,-2.75895,2.77935,3.17294,0.108025,-0.134137,-2.34476,0,1,32200,0,0,0,0,0.002,0,0.991458,0,1,-0.040293,0,6.28319,-0.126584,0.342659,0.839695,0.042322,0.372716,-0.499965,0,0,0,0,0.430271,0.0318078,-2.4476,0,0,0,14.4371,0,1,-0.0191508,0.147871,0,0.704257,0.961699,0.665955,1
188.61,-26.9069,10.8212,-3.35936,2.73535,3.27154,0.194055,0.052557,-2.30588,0,1,32400,0,0,0,0,0.002,0,0.991458,0,0.662195,-0.037851,0,4.1607,-0.118913,0.518564,1.0308,0.0828092,0.454282,-0.470632,0,0,0,0,0.52739,0.193116,-2.35114,0,0,0,14.4662,0,1,-0.029108,0.0713707,0,0.857259,0.941784,0.799043,1
189.265,-26.6876,11.6999,-3.68316,2.64023,3.07963,0.340581,0.289008,-2.2178,0,1,32600,0,0,0,0,0.002,0,0.989628,-0.0707317,0.697561,-0.039072,-0.44442,4.38291,-0.122748,0.704158,1.30673,0.135549,0.524504,-0.433659,0,0,0,0,0.694573,0.373491,-2.19525,0,0,0,14.4584,0,1,-0.0533178,0.0629122,0,0.874176,0.893364,0.76754,1
189.624,-26.4955,12.6334,-3.61675,2.42623,2.82156,0.56732,0.53582,-2.04326,0,1,32800,0,0,0,0,0.002,0,0.984747,-0.647561,0.257317,-0.042735,-4.06875,1.61677,-0.134256,0.860981,1.59975,0.227671,0.44717,-0.405359,0,0,0,0,0.970641,0.544186,-1.93012,0,0,0,14.4705,0,1,-0.174427,-0.0392715,0,1,0.572603,0.651146,0.921457
189.628,-26.3806,13.5686,-2.78121,1.65996,3.6171,0.639566,0.59868,-1.90296,0,1,33000,0,0,0,0,0.002,0,0.982916,-1,0,-0.043956,-6.28319,0,-0.138092,-0.551566,-0.0194464,0.322749,0.472768,-0.354326,0,0,0,0,1.09895,0.568411,-1.73775,0,0,0,14.3636,0,1,-0.164009,0,0,1,0.671982,0.671982,1
189.216,-26.4004,14.5325,-1.61768,0.340978,5.25225,0.577638,0.58002,-1.82906,0,1,33200,0,0,0,0,0.002,0,0.980476,-1,0,-0.04884,-6.28319,0,-0.153436,-0.558823,0.0633315,0.277359,0.248761,-0.188006,0,0,0,0,1.02263,0.521558,-1.69025,0,0,0,14.3621,0,1,-0.163767,0,0,1,0.672465,0.672465,1
188.473,-26.5917,15.4431,-0.741507,-1.03869,6.60579,0.511761,0.579384,-1.75758,0,1,33400,0,0,0,0,0.002,0,0.983527,-0.396341,0.120732,-0.042735,-2.49029,0.75858,-0.134256,-0.558379,0.175949,0.270134,0.0625108,0.0881575,0,0,0,0,0.93953,0.488461,-1.6342,0,0,0,14.4269,0,1,-0.0460557,0.0137371,0,0.972526,0.907889,0.880414,1
187.36,-27.0239,16.4391,-0.126127,-2.59798,7.83115,0.437646,0.611638,-1.67343,0,1,33600,0,0,0,0,0.002,0,0.984747,-0.485366,0.107317,-0.041514,-3.04964,0.674293,-0.13042,-0.641572,0.320359,0.214639,-0.0443826,0.344145,0,0,0,0,0.858085,0.482049,-1.55581,0,0,0,14.4514,0,1,-0.0587427,0,0,1,0.882514,0.882514,1
186.068,-27.6962,17.4144,0.140895,-4.22483,8.74066,0.348906,0.680814,-1.58873,0,1,33800,0,0,0,0,0.002,0,0.981696,-1,0,-0.041514,-6.28319,0,-0.13042,-0.816664,0.515068,0.179191,-0.104219,0.63226,0,0,0,0,0.762732,0.510403,-1.45713,0,0,0,14.4563,0,1,-0.149209,-0.0287219,0,1,0.644139,0.701583,0.942556
184.525,-28.756,18.4862,0.334244,-6.37357,9.13266,0.181193,0.776611,-1.51448,0,1,34000,0,0,0,0,0.002,0,0.982916,-0.435366,0.0353659,-0.041514,-2.73548,0.22221,-0.13042,-1.18486,0.575392,0.123669,-0.130548,0.908751,0,0,0,0,0.609553,0.56619,-1.35858,0,0,0,14.4767,0,1,-0.0188993,-0.0249875,0,1,0.912226,0.962201,0.950025
183.038,-30.1353,19.5092,0.203938,-8.61287,8.72225,-0.0664529,0.941614,-1.48677,0,1,34200,0,0,0,0,0.002,0,0.989628,0,-0.0659341,-0.043956,0,-0.414276,-0.138092,-1.5326,1.02887,0.00830292,-0.145247,1.31323,0,0,0,0,0.399886,0.696806,-1.25257,0,0,0,14.4855,0,1,0.0857113,-0.0702851,0,0.828577,0.85943,1,0.688007
181.675,-31.9206,20.4744,0.648993,-10.337,7.91239,-0.401879,1.07355,-1.57386,0,1,34400,0,0,0,0,0.002,0,0.991458,0.203907,-0.34188,-0.043956,1.28119,-2.1481,-0.138092,-1.09062,0.223476,-0.14534,-0.148449,1.64104,0,0,0,0,0.146821,0.852148,-1.20915,0,0,0,14.2983,0,1,0.100899,-0.0792094,0,0.798203,0.841581,1,0.639784
180.504,-34.2407,21.351,3.33189,-10.5023,8.24397,-0.467473,0.958902,-1.51966,0,1,34600,0,0,0,0,0.002,0,0.996949,0.870574,-0.619048,-0.046398,5.46998,-3.88959,-0.145764,-0.0793895,-1.32074,-0.131179,-0.476687,1.70648,0,0,0,0,-0.0156619,0.769374,-1.2498,0,0,0,14.2507,0,1,0.174136,-0.0469415,0,0.651727,0.906117,1,0.557844
179.703,-36.7459,22.0878,8.30836,-9.03158,7.79364,-0.278347,0.531228,-1.3416,0,1,34800,0,0,0,0,0.002,0,0.996949,0.905983,-0.496947,-0.046398,5.69246,-3.12241,-0.145764,0.196006,-2.59508,-0.170969,-1.26223,1.50258,0,0,0,0,0.0256815,0.329962,-1.28742,0,0,0,14.5783,0,1,0.165533,0.0483611,0,0.572212,1,0.903278,0.668934
179.104,-39.572,22.949,11.4063,-7.31494,6.14659,-0.139995,0.196792,-1.29159,0,1,35000,0,0,0,0,0.002,0,0.993899,0.575092,0.0646341,-0.040293,3.61341,0.406108,-0.126584,0.73718,-1.31022,-0.147675,-1.85246,1.26204,0,0,0,0,0.123648,-0.0307529,-1.33589,0,0,0,14.5809,0,1,0.0901149,0.0754841,0,0.668802,1,0.849032,0.81977
178.669,-42.2246,23.9109,12.8999,-5.96326,4.07151,-0.0245479,-0.0938622,-1.29597,0,1,35200,0,0,0,0,0.002,0,0.992678,0.863248,0.117073,-0.041514,5.42395,0.735592,-0.13042,0.859105,-1.15127,-0.133234,-2.0663,0.971453,0,0,0,0,0.254217,-0.336208,-1.42932,0,0,0,13.5406,0,1,0.120422,0.0877904,0,0.583574,1,0.824419,0.759155
178.211,-44.9131,25.0872,12.8755,-4.53979,4.68841,0.240621,-0.219281,-1.33461,0,1,35400,0,0,0,0,0.002,0,0.989628,0.532357,0.0926829,-0.037851,3.3449,0.582344,-0.118913,1.15133,-0.9894,-0.113058,-2.14852,0.793829,0,0,0,0,0.534245,-0.443568,-1.50083,0,0,0,14.5302,0,1,0.0388772,0.0725256,0,0.777194,1,0.854949,0.922246
177.643,-47.2677,26.3192,13.0538,-3.89376,2.81845,0.410297,-0.454704,-1.46811,0,1,35600,0,0,0,0,0.002,0,0.983527,0,0.636585,-0.037851,0,3.99978,-0.118913,0.113193,-1.06762,-0.272089,-2.15682,0.570472,0,0,0,0,0.821262,-0.638676,-1.74648,0,0,0,13.7607,0,1,-0.00668744,0.184293,0,0.631414,0.986625,0.618039,1
176.822,-49.4935,27.6733,12.1143,-3.93735,2.86284,0.336241,-0.471848,-1.55304,0,1,35800,0,0,0,0,0.002,0,0.973764,-0.710976,0.508537,-0.034188,-4.46719,3.19523,-0.107405,-0.984027,0.0238683,-0.328335,-2.11901,0.535518,0,0,0,0,0.812426,-0.64236,-1.86523,0,0,0,14.2833,0,1,-0.0834773,0.0978091,0,0.804382,0.833045,0.637427,1
175.9,-51.2898,28.9979,11.183,-4.28576,2.64399,0.0505622,-0.468523,-1.6277,0,1,36000,0,0,0,0,0.002,0,0.964613,-0.997561,0.369512,-0.032967,-6.26786,2.32171,-0.103569,-1.9756,-0.219281,-0.332156,-1.93875,0.539067,0,0,0,0,0.548273,-0.606822,-1.93864,0,0,0,14.5964,0,1,-0.0839096,0.0841702,0,0.83166,0.832181,0.66384,1
174.997,-52.7883,30.3897,10.2637,-4.18207,1.52949,-0.294864,-0.510389,-1.6842,0,1,36200,0,0,0,0,0.002,0,0.970714,0,0.458537,-0.031746,0,2.88107,-0.0997331,-1.51776,0.403454,-0.179992,-1.79291,0.575337,0,0,0,0,0.202872,-0.638704,-2.03048,0,0,0,14.0425,0,1,0.0850483,0.0668871,0,0.696129,1,0.866226,0.829904
174.265,-54.0869,31.9045,9.06804,-3.5738,1.80859,-0.606624,-0.505449,-1.73024,0,1,36400,0,0,0,0,0.002,0,0.970714,0,0.530488,-0.029304,0,3.33315,-0.0920613,-1.62132,0.0410511,-0.160626,-1.56472,0.46014,0,0,0,0,-0.103215,-0.616698,-2.07068,0,0,0,13.9244,0,1,0.0913897,0.101769,0,0.613682,1,0.796461,0.817221
173.921,-55.1143,33.3122,7.5484,-2.76207,3.91672,-0.732706,-0.37893,-1.87635,0,1,36600,0,0,0,0,0.002,0,0.967663,0.141636,0.629268,0,0.889926,3.95381,0,-0.8981,0.947659,-0.1258,-1.38101,0.371528,0,0,0,0,-0.281499,-0.461692,-2.13906,0,0,0,14.5225,0,1,0.0779641,0.0695072,0,0.705057,1,0.860986,0.844072
173.998,-56.1337,34.7748,6.06905,-2.16424,5.94572,-0.905239,-0.318554,-1.99377,0,1,36800,0,0,0,0,0.002,0,0.968883,0,0.170732,0,0,1.07274,0,-1.10264,0.375262,-0.175242,-1.10489,0.262454,0,0,0,0,-0.454559,-0.353353,-2.21865,0,0,0,14.4938,0,1,0.0615584,0.0120106,0,0.852862,1,0.975979,0.876883
174.528,-57.1409,36.0741,5.22048,-2.00026,7.39062,-1.13525,-0.339336,-2.02452,0,1,37000,0,0,0,0,0.002,0,0.973764,0,0,0,0,0,0,-1.32933,-0.148118,-0.174406,-0.924836,0.175386,0,0,0,0,-0.684947,-0.353215,-2.26129,0,0,0,14.4833,0,1,0.0744871,0.00832928,0,0.834367,1,0.983341,0.851026
175.618,-58.3423,37.259,5.00184,-2.40381,8.76513,-1.46184,-0.386778,-1.95053,0,1,37200,0,0,0,0,0.002,0,0.989628,0,0,0,0,0,0,-1.55616,-0.58043,-0.118071,-0.865016,0.263207,0,0,0,0,-0.988938,-0.422068,-2.22362,0,0,0,14.4742,0,1,0.0872285,0.0325797,0,0.760384,1,0.934841,0.825543
177.164,-59.6278,38.0297,5.55845,-3.57915,9.87087,-1.85498,-0.379302,-1.78217,0,1,37400,0,0,0,0,0.002,0,0.993899,0,0,0,0,0,0,-1.82341,-1.01678,0.0194556,-0.90548,0.423263,0,0,0,0,-1.39602,-0.489621,-2.06511,0,0,0,14.4851,0,1,0.102039,0.0569839,0,0.681953,1,0.886032,0.795921
179.187,-61.0433,38.267,6.80955,-5.7345,10.4045,-2.28222,-0.25483,-1.59826,0,1,37600,0,0,0,0,0.002,0,0.977425,0,0,0,0,0,0,-1.91356,-1.12361,0.217492,-1.11077,0.782198,0,0,0,0,-1.89445,-0.4511,-1.81495,0,0,0,14.3883,0,1,0.107265,0.0630292,0,0.659412,1,0.873942,0.78547
181.733,-62.6108,37.7209,8.07254,-8.92005,10.2519,-2.69797,-0.0369941,-1.5177,0,1,37800,0,0,0,0,0.002,0,0.977425,0,0,0,0,0,0,-1.99132,-1.11186,0.427441,-1.33953,1.30382,0,0,0,0,-2.34976,-0.278709,-1.64664,0,0,0,14.4606,0,1,0.111488,0.0623149,0,0.652394,1,0.87537,0.777024
184.307,-64.0448,36.3298,8.69625,-12.7559,8.82976,-3.10607,0.169502,-1.56957,0,1,38000,0,0,0,0,0.002,0,0.977425,0,0,0,0,0,0,-2.17927,-0.9741,0.597243,-1.46129,1.95415,0,0,0,0,-2.77311,-0.0524922,-1.61606,0,0,0,14.4967,0,1,0.122116,0.054652,0,0.646464,1,0.890696,0.755768
186.968,-65.4138,33.9099,7.93452,-17.1537,5.17011,2.65409,0.279345,-1.73511,0,1,38200,0,0,0,0,0.002,0,0.977425,0,0,0,0,0,0,-2.51561,-0.59792,0.726281,-1.35435,2.64105,0,0,0,0,3.03847,0.119615,-1.72226,0,0,0,14.586,0,1,0.140684,0.034313,0,0.650006,1,0.931374,0.718632
