time,angle_deg,gyro_deg_s,left_motor,right_motor,torque
0.001,0.000214645,0.214645,0.25,0.75,0.075
0.021,0.0492542,4.46279,0.25,0.75,0.075
0.041,0.182371,8.62686,0.25,0.75,0.075
0.062,0.410812,12.9105,0.25,0.75,0.075
0.082,0.711121,16.9073,0.25,0.75,0.075
0.103,1.11155,21.0189,0.25,0.75,0.075
0.123,1.57234,24.8553,0.25,0.75,0.075
0.144,2.13786,28.8019,0.25,0.75,0.075
0.164,2.75268,32.4842,0.25,0.75,0.075
0.185,3.47666,36.2723,0.25,0.75,0.075
0.206,4.28382,41.2663,0.25,0.75,0.15
0.226,5.19012,48.9544,0.25,0.75,0.15
0.247,6.30545,56.8631,0.25,0.75,0.15
0.267,7.52044,64.2425,0.25,0.75,0.15
0.288,8.95332,71.8337,0.25,0.75,0.15
0.308,10.4646,78.9168,0.25,0.75,0.15
0.328,12.1161,85.8597,0.25,0.75,0.15
0.349,13.9979,93.0019,0.25,0.75,0.15
0.369,15.9282,99.6661,0.25,0.75,0.15
0.389,17.9903,106.198,0.25,0.75,0.15
0.41,20.2946,112.918,0.25,0.75,0.15
0.43,22.619,119.188,0.25,0.75,0.15
0.45,25.0675,125.334,0.25,0.75,0.15
0.471,27.7693,131.656,0.25,0.75,0.15
0.491,30.4646,137.555,0.25,0.75,0.15
0.511,33.2766,143.338,0.25,0.75,0.15
0.531,36.2031,149.006,0.25,0.75,0.15
0.551,39.2417,154.561,0.25,0.75,0.15
0.572,42.5505,160.277,0.25,0.75,0.15
0.592,45.8122,165.609,0.25,0.75,0.15
0.612,49.16,168.063,0.25,0.75,0.075
0.632,52.531,168.978,0.251,0.748,0.07455
0.652,55.9188,169.728,0.263,0.736,0.07095
0.672,59.3193,170.259,0.275,0.724,0.06735
0.693,62.8987,170.587,0.287,0.712,0.06375
0.713,66.3119,170.693,0.298,0.701,0.06045
0.733,69.7251,170.606,0.309,0.69,0.05715
0.753,73.1346,170.342,0.319,0.68,0.05415
0.773,76.5371,169.908,0.334,0.665,0.04965
0.793,79.9293,169.319,0.343,0.656,0.04695
0.814,83.4767,168.546,0.352,0.647,0.04425
0.834,86.8387,167.671,0.36,0.639,0.04185
0.854,90.0002,1.36739e-07,0.369,0.63,0.03915
0.874,90.0002,4.25665e-12,0.376,0.623,0.03705
0.894,90.0002,-2.61198e-12,0.384,0.615,0.03465
0.914,90.0002,4.10018e-12,0.391,0.608,0.03255
0.934,90.0002,-1.90985e-12,0.398,0.601,0.03045
0.955,90.0002,-1.63319e-12,0.25,0.75,0.075
0.975,90.0002,-1.63319e-12,0.25,0.75,0.075
0.995,90.0002,-1.63319e-12,0.25,0.75,0.075
1.016,90.0002,-1.63319e-12,0.25,0.75,0.075
1.036,90.0002,-1.63319e-12,0.25,0.75,0.075
1.056,90.0002,-1.63319e-12,0.25,0.75,0.075
1.076,90.0002,-1.63319e-12,0.25,0.75,0.075
1.096,90.0002,-1.63319e-12,0.25,0.75,0.075
1.116,90.0002,-1.63319e-12,0.25,0.75,0.075
1.137,90.0002,-1.63319e-12,0.25,0.75,0.075
1.157,90.0002,-1.63319e-12,0.25,0.75,0.075
1.177,90.0002,-1.63319e-12,0.25,0.75,0.075
1.197,90.0002,-1.63319e-12,0.25,0.75,0.075
1.217,90.0002,-1.63319e-12,0.25,0.75,0.075
1.237,90.0002,-1.63319e-12,0.25,0.75,0.075
1.258,90.0002,-1.63319e-12,0.25,0.75,0.075
1.278,90.0002,-1.63319e-12,0.25,0.75,0.075
1.298,90.0002,-1.63319e-12,0.25,0.75,0.075
1.318,90.0002,-1.63319e-12,0.25,0.75,0.075
1.338,90.0002,-1.63319e-12,0.25,0.75,0.075
1.358,90.0002,-1.63319e-12,0.25,0.75,0.075
1.379,90.0002,-1.63319e-12,0.25,0.75,0.075
1.399,90.0002,-1.63319e-12,0.25,0.75,0.075
1.419,90.0002,-1.63319e-12,0.25,0.75,0.075
1.439,90.0002,-1.63319e-12,0.25,0.75,0.075
1.459,90.0002,-1.63319e-12,0.25,0.75,0.075
1.479,90.0002,-1.63319e-12,0.25,0.75,0.075
1.499,90.0002,-1.63319e-12,0.25,0.75,0.075
1.52,90.0002,-1.63319e-12,0.25,0.75,0.075
1.54,90.0002,-1.63319e-12,0.25,0.75,0.075
1.56,90.0002,-1.63319e-12,0.25,0.75,0.075
1.58,90.0002,-1.63319e-12,0.25,0.75,0.075
1.6,90.0002,-1.63319e-12,0.25,0.75,0.075
1.62,90.0002,-1.63319e-12,0.25,0.75,0.075
1.641,90.0002,-1.63319e-12,0.25,0.75,0.075
1.661,90.0002,-1.63319e-12,0.25,0.75,0.075
1.681,90.0002,-1.63319e-12,0.25,0.75,0.075
1.701,90.0002,-1.63319e-12,0.25,0.75,0.075
1.721,90.0002,-1.63319e-12,0.25,0.75,0.075
1.741,90.0002,-1.63319e-12,0.25,0.75,0.075
1.762,90.0002,-1.63319e-12,0.25,0.75,0.075
1.782,90.0002,-1.63319e-12,0.25,0.75,0.075
1.802,90.0002,-1.63319e-12,0.25,0.75,0.075
1.822,90.0002,-1.63319e-12,0.25,0.75,0.075
1.842,90.0002,-1.63319e-12,0.25,0.75,0.075
1.862,90.0002,-1.63319e-12,0.25,0.75,0.075
1.883,90.0002,-1.63319e-12,0.25,0.75,0.075
1.903,89.9743,-3.09383,0.737,0.262,-0.07125
1.923,89.869,-7.24281,0.75,0.25,-0.075
1.943,89.6809,-11.3519,0.75,0.25,-0.075
1.963,89.4115,-15.3796,0.75,0.25,-0.075
1.983,89.0623,-19.3276,0.75,0.25,-0.075
2.003,88.635,-23.1974,0.75,0.25,-0.075
2.023,88.1311,-26.9907,0.75,0.25,-0.075
2.043,87.5521,-30.7089,0.75,0.25,-0.075
2.063,86.8995,-34.3535,0.75,0.25,-0.075
2.083,86.1748,-37.926,0.75,0.25,-0.075
2.103,85.3794,-41.4278,0.75,0.25,-0.075
2.123,84.5147,-44.8603,0.75,0.25,-0.075
2.144,83.5337,-48.3913,0.75,0.25,-0.075
2.164,82.5311,-51.6859,0.75,0.25,-0.075
2.184,81.4634,-54.9154,0.75,0.25,-0.075
2.204,80.3317,-58.0809,0.75,0.25,-0.075
2.224,79.1374,-61.1838,0.75,0.25,-0.075
2.244,77.8817,-64.2253,0.75,0.25,-0.075
2.265,76.4985,-67.3541,0.75,0.25,-0.075
2.285,75.1206,-70.2734,0.75,0.25,-0.075
2.305,73.685,-73.135,0.75,0.25,-0.075
2.325,72.1928,-75.9399,0.75,0.25,-0.075
2.345,70.645,-78.6893,0.75,0.25,-0.075
2.365,69.0428,-81.3844,0.75,0.25,-0.075
2.386,67.3032,-84.1567,0.75,0.25,-0.075
2.406,65.5928,-86.7435,0.75,0.25,-0.075
2.426,63.8312,-89.2791,0.75,0.25,-0.075
2.446,62.0195,-91.7646,0.75,0.25,-0.075
2.466,60.1585,-94.2008,0.75,0.25,-0.075
2.486,58.2493,-96.5888,0.75,0.25,-0.075
2.507,56.1939,-99.0454,0.75,0.25,-0.075
2.527,54.1888,-101.337,0.75,0.25,-0.075
2.547,52.1384,-103.584,0.75,0.25,-0.075
2.567,50.0435,-105.787,0.75,0.25,-0.075
2.587,47.905,-107.945,0.75,0.25,-0.075
2.607,45.7238,-110.061,0.75,0.25,-0.075
2.628,43.3885,-112.238,0.75,0.25,-0.075
2.648,41.1224,-114.269,0.75,0.25,-0.075
2.668,38.816,-116.26,0.75,0.25,-0.075
2.688,36.4703,-118.211,0.75,0.25,-0.075
2.708,34.0859,-120.124,0.75,0.25,-0.075
2.728,31.6637,-121.999,0.75,0.25,-0.075
2.748,29.2043,-123.837,0.75,0.25,-0.075
2.769,26.5829,-125.728,0.75,0.25,-0.075
2.789,24.0498,-127.492,0.75,0.25,-0.075
2.809,21.4817,-129.221,0.75,0.25,-0.075
2.829,18.8794,-130.916,0.75,0.25,-0.075
2.849,16.2436,-132.577,0.75,0.25,-0.075
2.869,13.5749,-134.205,0.75,0.25,-0.075
2.89,10.7381,-135.881,0.75,0.25,-0.075
2.91,8.00406,-137.444,0.75,0.25,-0.075
2.93,5.23904,-138.976,0.75,0.25,-0.075
2.95,2.4437,-140.478,0.75,0.25,-0.075
2.97,-0.38136,-141.95,0.75,0.25,-0.075
2.99,-3.23556,-143.393,0.75,0.25,-0.075
3.011,-6.26319,-144.877,0.75,0.25,-0.075
3.031,-9.17533,-146.262,0.75,0.25,-0.075
3.051,-12.1149,-147.62,0.75,0.25,-0.075
3.071,-15.0813,-148.951,0.75,0.25,-0.075
3.091,-18.0741,-150.255,0.75,0.25,-0.075
3.111,-21.0926,-151.534,0.75,0.25,-0.075
3.132,-24.2893,-152.849,0.75,0.25,-0.075
3.152,-27.3593,-154.076,0.75,0.25,-0.075
3.172,-30.4535,-155.279,0.75,0.25,-0.075
3.192,-33.5715,-156.459,0.75,0.25,-0.075
3.212,-36.7128,-157.614,0.75,0.25,-0.075
3.232,-39.877,-158.747,0.75,0.25,-0.075
3.253,-43.2236,-159.913,0.75,0.25,-0.075
3.273,-46.4333,-161,0.75,0.25,-0.075
3.293,-49.6645,-162.066,0.75,0.25,-0.075
3.313,-52.9169,-163.111,0.75,0.25,-0.075
3.333,-56.1899,-164.135,0.75,0.25,-0.075
3.353,-59.4832,-165.139,0.75,0.25,-0.075
3.373,-62.7963,-166.123,0.75,0.25,-0.075
3.394,-66.2961,-167.136,0.75,0.25,-0.075
3.414,-69.6487,-168.08,0.75,0.25,-0.075
3.434,-73.0201,-169.006,0.75,0.25,-0.075
3.454,-76.4098,-169.913,0.75,0.25,-0.075
3.474,-79.8174,-170.803,0.75,0.25,-0.075
3.494,-83.2426,-171.675,0.75,0.25,-0.075
3.515,-86.8577,-172.572,0.75,0.25,-0.075
3.535,-90.0002,1.15141e-07,0.75,0.25,-0.075
3.555,-90.0002,1.63321e-12,0.75,0.25,-0.075
3.575,-90.0002,1.63321e-12,0.75,0.25,-0.075
3.595,-90.0002,-6.21041e-12,0.729,0.27,-0.06885
3.615,-90.0002,1.02591e-11,0.695,0.304,-0.05865
3.636,-90.0002,3.70333e-12,0.673,0.326,-0.05205
3.656,-90.0002,-3.71099e-12,0.652,0.347,-0.04575
3.676,-90.0002,7.38361e-13,0.632,0.367,-0.03975
3.696,-90.0002,5.18772e-12,0.612,0.387,-0.03375
3.716,-90.0002,-3.94374e-12,0.593,0.406,-0.02805
3.736,-90.0002,-1.21156e-12,0.575,0.424,-0.02265
3.757,-90.0002,6.62065e-13,0.558,0.441,-0.01755
3.777,-90.0002,1.67709e-12,0.542,0.457,-0.01275
3.797,-90.0002,2.69212e-12,0.526,0.473,-0.00795
3.817,-90.0002,3.70715e-12,0.51,0.489,-0.00315
3.837,-90.0001,0.0179852,0.496,0.503,0.00105
3.857,-89.9982,0.208577,0.482,0.517,0.00525
3.878,-89.9894,0.659942,0.468,0.531,0.00945
3.898,-89.9696,1.31999,0.455,0.544,0.01335
3.918,-89.9346,2.17363,0.443,0.556,0.01695
3.938,-89.8803,3.23314,0.431,0.568,0.02055
3.958,-89.8029,4.46731,0.419,0.58,0.02415
3.978,-89.6991,5.87434,0.408,0.591,0.02745
3.998,-89.5655,7.43214,0.397,0.602,0.03075
4.019,-89.3899,9.23108,0.387,0.612,0.03375
4.04,-89.1743,11.2539,0.365,0.634,0.04035
4.061,-88.9137,13.481,0.355,0.644,0.04335
4.081,-88.6207,15.7259,0.346,0.653,0.04605
4.102,-88.2634,18.2043,0.337,0.662,0.04875
4.123,-87.8528,20.7953,0.329,0.67,0.05115
4.144,-87.3868,23.4821,0.321,0.678,0.05355
4.165,-86.8633,26.2627,0.313,0.686,0.05595
4.186,-86.2707,30.073,0.25,0.75,0.075
4.206,-85.6307,33.7302,0.25,0.75,0.075
4.227,-84.8809,37.4924,0.25,0.75,0.075
4.248,-84.0529,41.1764,0.25,0.75,0.075
4.269,-83.1484,44.784,0.25,0.75,0.075
4.29,-82.1689,48.3166,0.25,0.75,0.075
4.311,-81.1161,51.7758,0.25,0.75,0.075
4.331,-80.0466,55.0034,0.25,0.75,0.075
4.352,-78.8549,58.3238,0.25,0.75,0.075
4.373,-77.5942,61.5751,0.25,0.75,0.075
4.394,-76.266,64.759,0.25,0.75,0.075
4.415,-74.8716,67.8767,0.25,0.75,0.075
4.436,-73.4125,70.9296,0.25,0.75,0.075
4.456,-71.9639,73.7782,0.25,0.75,0.075
4.477,-70.3822,76.7085,0.25,0.75,0.075
4.498,-68.7397,79.578,0.25,0.75,0.075
4.519,-67.0375,82.3879,0.25,0.75,0.075
4.54,-65.277,85.1395,0.25,0.75,0.075
4.561,-63.4593,87.8338,0.25,0.75,0.075
4.581,-61.6762,90.3479,0.25,0.75,0.075
4.602,-59.7503,92.9341,0.25,0.75,0.075
4.623,-57.7708,95.4665,0.25,0.75,0.075
4.644,-55.7386,97.9464,0.25,0.75,0.075
4.665,-53.6549,100.375,0.25,0.75,0.075
4.686,-51.5208,102.753,0.25,0.75,0.075
4.706,-49.4424,104.971,0.25,0.75,0.075
4.727,-47.2128,107.254,0.25,0.75,0.075
4.748,-44.9358,109.489,0.25,0.75,0.075
4.769,-42.6124,111.678,0.25,0.75,0.075
4.79,-40.2435,113.821,0.25,0.75,0.075
4.811,-37.8301,115.919,0.25,0.75,0.075
4.831,-35.4911,117.878,0.25,0.75,0.075
4.852,-32.9934,119.892,0.25,0.75,0.075
4.873,-30.4539,121.864,0.25,0.75,0.075
4.894,-27.8735,123.796,0.25,0.75,0.075
4.915,-25.2529,125.687,0.25,0.75,0.075
4.936,-22.593,127.54,0.25,0.75,0.075
4.956,-20.024,129.268,0.25,0.75,0.075
4.977,-17.2897,131.046,0.25,0.75,0.075
4.998,-14.5186,132.787,0.25,0.75,0.075
5.019,-11.7112,134.491,0.25,0.75,0.075
5.04,-8.8685,136.161,0.25,0.75,0.075
5.061,-5.99109,137.795,0.25,0.75,0.075
5.081,-3.21912,139.32,0.25,0.75,0.075
5.102,-0.276074,140.889,0.25,0.75,0.075
5.123,2.69956,142.426,0.25,0.75,0.075
5.144,5.70711,143.93,0.25,0.75,0.075
5.165,8.7459,145.404,0.25,0.75,0.075
5.186,11.8153,146.846,0.25,0.75,0.075
5.206,14.7664,148.192,0.25,0.75,0.075
5.227,17.8937,149.577,0.25,0.75,0.075
5.248,21.0498,150.933,0.25,0.75,0.075
5.269,24.234,152.261,0.25,0.75,0.075
5.29,27.4459,153.561,0.25,0.75,0.075
5.311,30.6847,154.834,0.25,0.75,0.075
5.331,33.7939,156.022,0.25,0.75,0.075
5.352,37.0839,157.244,0.25,0.75,0.075
5.373,40.3992,158.441,0.25,0.75,0.075
5.394,43.7394,159.613,0.25,0.75,0.075
5.415,47.1039,160.76,0.25,0.75,0.075
5.436,50.4923,161.884,0.25,0.75,0.075
5.456,53.741,162.932,0.25,0.75,0.075
5.477,57.1745,164.011,0.25,0.75,0.075
5.498,60.6304,165.067,0.25,0.75,0.075
5.519,64.1082,166.101,0.25,0.75,0.075
5.54,67.6075,167.114,0.25,0.75,0.075
5.561,71.1279,168.106,0.25,0.75,0.075
5.581,74.4997,169.031,0.25,0.75,0.075
5.602,78.0599,169.983,0.25,0.75,0.075
5.623,81.6398,170.915,0.25,0.75,0.075
5.644,85.2391,171.828,0.25,0.75,0.075
5.665,88.8573,172.722,0.25,0.75,0.075
5.686,90.0002,-1.63319e-12,0.25,0.75,0.075
5.706,90.0002,-1.63319e-12,0.25,0.75,0.075
5.727,90.0002,-1.63319e-12,0.25,0.75,0.075
5.748,90.0002,-1.63319e-12,0.25,0.75,0.075
5.769,90.0002,-1.63319e-12,0.25,0.75,0.075
5.79,90.0002,-1.63319e-12,0.25,0.75,0.075
5.811,90.0002,-1.63319e-12,0.25,0.75,0.075
5.831,90.0002,-1.63319e-12,0.25,0.75,0.075
5.852,90.0002,-1.63319e-12,0.25,0.75,0.075
5.873,90.0002,-1.63319e-12,0.25,0.75,0.075
5.894,90.0002,-1.63319e-12,0.25,0.75,0.075
5.915,90.0002,-2.06249e-12,0.25,0.749,0.07485
5.936,90.0002,5.19536e-12,0.286,0.713,0.06405
5.956,90.0002,-9.71138e-13,0.308,0.691,0.05745
5.977,90.0002,5.58456e-12,0.33,0.669,0.05085
5.998,90.0002,2.76659e-13,0.351,0.648,0.04455
6.019,90.0002,-4.17269e-12,0.371,0.628,0.03855
6.04,90.0002,4.10018e-12,0.391,0.608,0.03255
6.061,90.0002,1.368e-12,0.409,0.59,0.02715
6.081,90.0002,-1.36418e-12,0.427,0.572,0.02175
6.102,90.0002,-3.23779e-12,0.444,0.555,0.01665
6.123,90.0002,-1.198e-11,0.469,0.53,0.00915
6.144,90.0002,5.85742e-13,0.484,0.515,0.00465
6.165,90.0002,4.29289e-13,0.499,0.5,0.00015
6.186,89.9995,-0.101141,0.513,0.486,-0.00405
6.206,89.9943,-0.448281,0.527,0.472,-0.00825
6.227,89.9785,-1.06719,0.54,0.459,-0.01215
6.248,89.9471,-1.91633,0.553,0.446,-0.01605
6.269,89.8956,-2.97474,0.565,0.434,-0.01965
6.29,89.8195,-4.23984,0.582,0.417,-0.02475
6.311,89.7148,-5.69456,0.593,0.406,-0.02805
6.331,89.5849,-7.24231,0.604,0.395,-0.03135
6.352,89.4134,-9.09771,0.642,0.357,-0.04275
6.373,89.1958,-11.5337,0.652,0.347,-0.04575
6.394,88.9254,-14.1239,0.663,0.336,-0.04905
6.415,88.5991,-16.8516,0.673,0.326,-0.05205
6.436,88.2141,-19.6942,0.682,0.317,-0.05475
6.456,87.7908,-22.5127,0.691,0.308,-0.05745
6.477,87.2845,-25.5744,0.7,0.299,-0.06015
6.498,86.7104,-29.1213,0.75,0.25,-0.075
6.519,86.0563,-32.9792,0.75,0.25,-0.075
6.54,85.3221,-36.757,0.75,0.25,-0.075
6.561,84.5093,-40.4563,0.75,0.25,-0.075
6.581,83.6639,-43.908,0.75,0.25,-0.075
6.602,82.7026,-47.4588,0.75,0.25,-0.075
6.623,81.6676,-50.9358,0.75,0.25,-0.075
6.644,80.5604,-54.3407,0.75,0.25,-0.075
6.665,79.3824,-57.6748,0.75,0.25,-0.075
6.686,78.1352,-60.9396,0.75,0.25,-0.075
6.706,76.8843,-63.9859,0.75,0.25,-0.075
6.727,75.506,-67.1196,0.75,0.25,-0.075
6.748,74.0627,-70.1883,0.75,0.25,-0.075
6.769,72.5555,-73.1932,0.75,0.25,-0.075
6.79,70.986,-76.1357,0.75,0.25,-0.075
6.811,69.3553,-79.0171,0.75,0.25,-0.075
6.831,67.7467,-81.7057,0.75,0.25,-0.075
6.852,66.0003,-84.4714,0.75,0.25,-0.075
6.873,64.1966,-87.1796,0.75,0.25,-0.075
6.894,62.3365,-89.8316,0.75,0.25,-0.075
6.915,60.4214,-92.4285,0.75,0.25,-0.075
6.936,58.4523,-94.9715,0.75,0.25,-0.075
6.956,56.5279,-97.3443,0.75,0.25,-0.075
6.977,54.4567,-99.7851,0.75,0.25,-0.075
6.998,52.3349,-102.175,0.75,0.25,-0.075
7.019,50.1634,-104.516,0.75,0.25,-0.075
7.04,47.9432,-106.808,0.75,0.25,-0.075
7.061,45.6755,-109.052,0.75,0.25,-0.075
7.081,43.4724,-111.146,0.75,0.25,-0.075
7.102,41.1145,-113.3,0.75,0.25,-0.075
7.123,38.712,-115.41,0.75,0.25,-0.075
7.144,36.2656,-117.475,0.75,0.25,-0.075
7.165,33.7762,-119.498,0.75,0.25,-0.075
7.186,31.2449,-121.479,0.75,0.25,-0.075
7.206,28.7959,-123.327,0.75,0.25,-0.075
7.227,26.185,-125.228,0.75,0.25,-0.075
7.248,23.5347,-127.09,0.75,0.25,-0.075
7.269,20.8457,-128.913,0.75,0.25,-0.075
7.29,18.1188,-130.698,0.75,0.25,-0.075
7.311,15.3549,-132.446,0.75,0.25,-0.075
7.331,12.6887,-134.077,0.75,0.25,-0.075
7.352,9.8546,-135.755,0.75,0.25,-0.075
7.373,6.98561,-137.398,0.75,0.25,-0.075
7.394,4.08249,-139.007,0.75,0.25,-0.075
7.415,1.14595,-140.583,0.75,0.25,-0.075
7.436,-1.82331,-142.125,0.75,0.25,-0.075
7.456,-4.68098,-143.565,0.75,0.25,-0.075
7.477,-7.71219,-145.046,0.75,0.25,-0.075
7.498,-10.7742,-146.496,0.75,0.25,-0.075
7.519,-13.8662,-147.916,0.75,0.25,-0.075
7.54,-16.9878,-149.306,0.75,0.25,-0.075
7.561,-20.1383,-150.668,0.75,0.25,-0.075
7.581,-23.165,-151.938,0.75,0.25,-0.075
7.602,-26.3701,-153.245,0.75,0.25,-0.075
7.623,-29.6024,-154.525,0.75,0.25,-0.075
7.644,-32.8613,-155.778,0.75,0.25,-0.075
7.665,-36.1462,-157.005,0.75,0.25,-0.075
7.686,-39.4565,-158.207,0.75,0.25,-0.075
7.706,-42.6325,-159.328,0.75,0.25,-0.075
7.727,-45.9911,-160.482,0.75,0.25,-0.075
7.748,-49.3737,-161.611,0.75,0.25,-0.075
7.769,-52.7797,-162.717,0.75,0.25,-0.075
7.79,-56.2087,-163.8,0.75,0.25,-0.075
7.811,-59.6603,-164.861,0.75,0.25,-0.075
7.831,-62.9679,-165.85,0.75,0.25,-0.075
7.852,-66.462,-166.868,0.75,0.25,-0.075
7.873,-69.9772,-167.865,0.75,0.25,-0.075
7.894,-73.5132,-168.841,0.75,0.25,-0.075
7.915,-77.0694,-169.797,0.75,0.25,-0.075
7.936,-80.6454,-170.733,0.75,0.25,-0.075
7.956,-84.0693,-171.606,0.75,0.25,-0.075
7.977,-87.6829,-172.505,0.75,0.25,-0.075
7.998,-90.0002,1.63321e-12,0.75,0.25,-0.075
8.018,-90.0002,1.63321e-12,0.75,0.25,-0.075
8.039,-90.0002,1.63321e-12,0.75,0.25,-0.075
8.06,-90.0002,1.63321e-12,0.75,0.25,-0.075
8.081,-90.0002,1.63321e-12,0.75,0.25,-0.075
8.101,-90.0002,1.63321e-12,0.75,0.25,-0.075
8.122,-90.0002,1.63321e-12,0.75,0.25,-0.075
8.143,-90.0002,1.63321e-12,0.75,0.25,-0.075
8.164,-90.0002,1.63321e-12,0.75,0.25,-0.075
8.185,-90.0002,1.63321e-12,0.75,0.25,-0.075
8.206,-90.0002,1.63321e-12,0.75,0.25,-0.075
8.226,-90.0002,1.63321e-12,0.75,0.25,-0.075
8.247,-90.0002,1.63321e-12,0.75,0.25,-0.075
8.268,-90.0002,1.63321e-12,0.75,0.25,-0.075
8.289,-90.0002,1.63321e-12,0.75,0.25,-0.075
8.31,-90.0002,2.92107e-12,0.748,0.251,-0.07455
8.331,-90.0002,-1.9175e-12,0.724,0.275,-0.06735
8.351,-90.0002,5.10757e-12,0.701,0.298,-0.06045
8.372,-90.0002,-5.8957e-13,0.678,0.321,-0.05355
8.393,-90.0002,1.33041e-11,0.647,0.352,-0.04425
8.414,-90.0002,5.03125e-12,0.627,0.372,-0.03825
8.435,-90.0002,-3.24161e-12,0.607,0.392,-0.03225
8.456,-90.0002,-5.09423e-13,0.589,0.41,-0.02685
8.476,-90.0002,2.22276e-12,0.571,0.428,-0.02145
8.497,-90.0002,4.09637e-12,0.554,0.445,-0.01635
8.518,-90.0002,5.96998e-12,0.537,0.462,-0.01125
8.539,-90.0002,6.12643e-12,0.522,0.477,-0.00675
8.56,-90.0002,0.000429289,0.499,0.5,0.00015
8.581,-89.9996,0.0930857,0.485,0.514,0.00435
8.601,-89.9947,0.421622,0.471,0.528,0.00855
8.622,-89.9798,1.0062,0.458,0.541,0.01245
8.643,-89.9501,1.82349,0.446,0.553,0.01605
8.664,-89.9001,2.94873,0.427,0.572,0.02175
8.685,-89.8236,4.30452,0.415,0.584,0.02535
8.706,-89.7165,5.85655,0.403,0.596,0.02895
8.726,-89.5824,7.50486,0.392,0.607,0.03225
8.747,-89.4042,9.39576,0.382,0.617,0.03525
8.768,-89.1846,11.4696,0.331,0.668,0.05055
8.789,-88.9128,14.3033,0.321,0.678,0.05355
8.81,-88.58,17.273,0.31,0.689,0.05685
8.831,-88.1833,20.3781,0.301,0.698,0.05955
8.851,-87.7439,23.4365,0.291,0.708,0.06255
8.872,-87.2154,26.7596,0.282,0.717,0.06525
8.893,-86.616,30.1819,0.273,0.726,0.06795
8.914,-85.9436,33.6937,0.265,0.734,0.07035
8.935,-85.1966,37.2891,0.253,0.746,0.07395
8.956,-84.3733,40.9507,0.25,0.75,0.075
8.976,-83.518,44.3926,0.25,0.75,0.075
8.997,-82.5467,47.9333,0.25,0.75,0.075
9.018,-81.5019,51.4005,0.25,0.75,0.075
9.039,-80.385,54.7957,0.25,0.75,0.075
9.06,-79.1976,58.1203,0.25,0.75,0.075
9.081,-77.9411,61.3759,0.25,0.75,0.075
9.101,-76.6816,64.4136,0.25,0.75,0.075
9.122,-75.2944,67.5384,0.25,0.75,0.075
9.143,-73.8424,70.5984,0.25,0.75,0.075
9.164,-72.3267,73.5948,0.25,0.75,0.075
9.185,-70.7488,76.529,0.25,0.75,0.075
9.206,-69.11,79.4022,0.25,0.75,0.075
9.226,-67.4937,82.0831,0.25,0.75,0.075
9.247,-65.7396,84.841,0.25,0.75,0.075
9.268,-63.9281,87.5415,0.25,0.75,0.075
9.289,-62.0605,90.186,0.25,0.75,0.075
9.31,-60.138,92.7756,0.25,0.75,0.075
9.331,-58.1618,95.3114,0.25,0.75,0.075
9.351,-56.2306,97.6774,0.25,0.75,0.075
9.372,-54.1525,100.111,0.25,0.75,0.075
9.393,-52.0239,102.495,0.25,0.75,0.075
9.414,-49.8457,104.829,0.25,0.75,0.075
9.435,-47.6191,107.114,0.25,0.75,0.075
9.456,-45.345,109.352,0.25,0.75,0.075
9.476,-43.136,111.44,0.25,0.75,0.075
9.497,-40.772,113.588,0.25,0.75,0.075
9.518,-38.3635,115.692,0.25,0.75,0.075
9.539,-35.9112,117.751,0.25,0.75,0.075
9.56,-33.4162,119.768,0.25,0.75,0.075
9.581,-30.8792,121.744,0.25,0.75,0.075
9.601,-28.4249,123.587,0.25,0.75,0.075
9.622,-25.8087,125.482,0.25,0.75,0.075
9.643,-23.1531,127.339,0.25,0.75,0.075
9.664,-20.4589,129.157,0.25,0.75,0.075
9.685,-17.727,130.937,0.25,0.75,0.075
9.706,-14.9581,132.68,0.25,0.75,0.075
9.726,-12.2873,134.306,0.25,0.75,0.075
9.747,-9.44844,135.979,0.25,0.75,0.075
9.768,-6.57479,137.618,0.25,0.75,0.075
9.789,-3.66711,139.222,0.25,0.75,0.075
9.81,-0.726106,140.793,0.25,0.75,0.075
9.831,2.24753,142.332,0.25,0.75,0.075
9.851,5.10928,143.767,0.25,0.75,0.075
9.872,8.14469,145.244,0.25,0.75,0.075
9.893,11.2108,146.69,0.25,0.75,0.075
9.914,14.3069,148.106,0.25,0.75,0.075
9.935,17.4324,149.492,0.25,0.75,0.075
9.956,20.5867,150.85,0.25,0.75,0.075
9.976,23.6171,152.117,0.25,0.75,0.075
9.997,26.8259,153.42,0.25,0.75,0.075
10.018,30.0618,154.696,0.25,0.75,0.075
10.039,33.3242,155.946,0.25,0.75,0.075
10.06,36.6126,157.169,0.25,0.75,0.075
10.081,39.9263,158.368,0.25,0.75,0.075
10.101,43.1055,159.486,0.25,0.75,0.075
10.122,46.4674,160.636,0.25,0.75,0.075
10.143,49.8532,161.762,0.25,0.75,0.075
10.164,53.2623,162.865,0.25,0.75,0.075
10.185,56.6944,163.945,0.25,0.75,0.075
10.206,60.1489,165.002,0.25,0.75,0.075
10.226,63.4594,165.989,0.25,0.75,0.075
10.247,66.9563,167.004,0.25,0.75,0.075
10.268,70.4744,167.998,0.25,0.75,0.075
10.289,74.0131,168.972,0.25,0.75,0.075
10.31,77.572,169.925,0.25,0.75,0.075
10.331,81.1507,170.858,0.25,0.75,0.075
10.351,84.5771,171.729,0.25,0.75,0.075
10.372,88.1933,172.625,0.25,0.75,0.075
10.393,90.0002,-1.63321e-12,0.25,0.75,0.075
10.414,90.0002,-1.63321e-12,0.25,0.75,0.075
10.435,90.0002,-1.63321e-12,0.25,0.75,0.075
10.456,90.0002,-1.63321e-12,0.25,0.75,0.075
10.476,90.0002,-1.63321e-12,0.25,0.75,0.075
10.497,90.0002,-1.63321e-12,0.25,0.75,0.075
10.518,90.0002,-1.63321e-12,0.25,0.75,0.075
10.539,90.0002,-1.63321e-12,0.25,0.75,0.075
10.56,90.0002,-1.63321e-12,0.25,0.75,0.075
10.581,90.0002,-1.63321e-12,0.25,0.75,0.075
10.601,90.0002,2.07397e-12,0.26,0.739,0.07185
10.622,90.0002,-4.95113e-12,0.283,0.716,0.06495
10.643,90.0002,4.02387e-12,0.317,0.682,0.05475
10.664,90.0002,-2.14263e-12,0.339,0.66,0.04815
10.685,90.0002,6.13025e-12,0.359,0.64,0.04215
10.706,90.0002,1.68091e-12,0.379,0.62,0.03615
10.726,90.0002,-1.90986e-12,0.398,0.601,0.03045
10.747,90.0002,-4.64204e-12,0.416,0.583,0.02505
10.768,90.0002,5.34799e-12,0.434,0.565,0.01965
10.789,90.0002,3.47438e-12,0.451,0.548,0.01455
10.81,90.0002,-4.40928e-12,0.475,0.524,0.00735
10.831,90.0002,-4.56573e-12,0.49,0.509,0.00285
10.851,90.0002,-0.00943964,0.505,0.494,-0.00165
10.872,89.9983,-0.203101,0.519,0.48,-0.00585
10.893,89.9895,-0.670778,0.534,0.465,-0.01035
10.914,89.9678,-1.40412,0.548,0.451,-0.01455
10.935,89.9281,-2.36357,0.56,0.439,-0.01815
10.956,89.866,-3.53259,0.572,0.427,-0.02175
10.976,89.7819,-4.83905,0.584,0.415,-0.02535
10.997,89.6636,-6.3833,0.595,0.404,-0.02865
11.018,89.5109,-8.10204,0.611,0.388,-0.03345
11.039,89.3202,-9.99249,0.621,0.378,-0.03645
11.06,89.0882,-12.0273,0.63,0.369,-0.03915
11.081,88.8121,-14.1924,0.64,0.359,-0.04215
11.101,88.5056,-16.3731,0.648,0.351,-0.04455
11.122,88.1356,-18.7734,0.657,0.342,-0.04725
11.143,87.7139,-21.2837,0.665,0.334,-0.04965
11.164,87.2384,-23.8915,0.673,0.326,-0.05205
11.185,86.7069,-26.604,0.684,0.315,-0.05535
11.206,86.1176,-29.4915,0.75,0.25,-0.075
11.226,85.4891,-33.1602,0.75,0.25,-0.075
11.247,84.7511,-36.9342,0.75,0.25,-0.075
11.268,83.9347,-40.6298,0.75,0.25,-0.075
11.289,83.0415,-44.2487,0.75,0.25,-0.075
11.31,82.0732,-47.7924,0.75,0.25,-0.075
11.331,81.0313,-51.2625,0.75,0.25,-0.075
11.351,79.9719,-54.5003,0.75,0.25,-0.075
11.372,78.7906,-57.8311,0.75,0.25,-0.075
11.393,77.5402,-61.0927,0.75,0.25,-0.075
11.414,76.222,-64.2866,0.75,0.25,-0.075
11.435,74.8375,-67.4141,0.75,0.25,-0.075
11.456,73.388,-70.4766,0.75,0.25,-0.075
11.476,71.9483,-73.3342,0.75,0.25,-0.075
11.497,70.3759,-76.2737,0.75,0.25,-0.075
11.518,68.7423,-79.1523,0.75,0.25,-0.075
11.539,67.049,-81.971,0.75,0.25,-0.075
11.56,65.2972,-84.7312,0.75,0.25,-0.075
11.581,63.488,-87.4341,0.75,0.25,-0.075
11.601,61.7128,-89.956,0.75,0.25,-0.075
11.622,59.795,-92.5503,0.75,0.25,-0.075
11.643,57.8235,-95.0908,0.75,0.25,-0.075
11.664,55.7991,-97.5785,0.75,0.25,-0.075
11.685,53.7231,-100.014,0.75,0.25,-0.075
11.706,51.5964,-102.4,0.75,0.25,-0.075
11.726,49.525,-104.626,0.75,0.25,-0.075
11.747,47.3026,-106.915,0.75,0.25,-0.075
11.768,45.0326,-109.157,0.75,0.25,-0.075
11.789,42.7161,-111.353,0.75,0.25,-0.075
11.81,40.3539,-113.503,0.75,0.25,-0.075
11.831,37.9471,-115.608,0.75,0.25,-0.075
11.851,35.6143,-117.572,0.75,0.25,-0.075
11.872,33.123,-119.593,0.75,0.25,-0.075
11.893,30.5897,-121.572,0.75,0.25,-0.075
11.914,28.0153,-123.509,0.75,0.25,-0.075
11.935,25.4006,-125.407,0.75,0.25,-0.075
11.956,22.7466,-127.265,0.75,0.25,-0.075
11.976,20.183,-128.998,0.75,0.25,-0.075
11.997,17.4544,-130.782,0.75,0.25,-0.075
12.018,14.6887,-132.528,0.75,0.25,-0.075
12.039,11.8867,-134.238,0.75,0.25,-0.075
12.06,9.04925,-135.913,0.75,0.25,-0.075
12.081,6.17698,-137.553,0.75,0.25,-0.075
12.101,3.40981,-139.083,0.75,0.25,-0.075
12.122,0.471704,-140.657,0.75,0.25,-0.075
12.143,-2.49909,-142.198,0.75,0.25,-0.075
12.164,-5.50191,-143.707,0.75,0.25,-0.075
12.185,-8.53606,-145.185,0.75,0.25,-0.075
12.206,-11.6009,-146.632,0.75,0.25,-0.075
12.226,-14.5478,-147.982,0.75,0.25,-0.075
12.247,-17.6707,-149.372,0.75,0.25,-0.075
12.268,-20.8226,-150.732,0.75,0.25,-0.075
12.289,-24.0026,-152.064,0.75,0.25,-0.075
12.31,-27.2104,-153.368,0.75,0.25,-0.075
12.331,-30.4452,-154.645,0.75,0.25,-0.075
12.351,-33.5506,-155.837,0.75,0.25,-0.075
12.372,-36.8368,-157.063,0.75,0.25,-0.075
12.393,-40.1483,-158.263,0.75,0.25,-0.075
12.414,-43.4848,-159.439,0.75,0.25,-0.075
12.435,-46.8457,-160.59,0.75,0.25,-0.075
12.456,-50.2306,-161.717,0.75,0.25,-0.075
12.476,-53.476,-162.769,0.75,0.25,-0.075
12.497,-56.9061,-163.851,0.75,0.25,-0.075
12.518,-60.3587,-164.91,0.75,0.25,-0.075
12.539,-63.8332,-165.948,0.75,0.25,-0.075
12.56,-67.3293,-166.964,0.75,0.25,-0.075
12.581,-70.8466,-167.959,0.75,0.25,-0.075
12.601,-74.2155,-168.887,0.75,0.25,-0.075
12.622,-77.7727,-169.842,0.75,0.25,-0.075
12.643,-81.3497,-170.777,0.75,0.25,-0.075
12.664,-84.9461,-171.692,0.75,0.25,-0.075
12.685,-88.5615,-172.589,0.75,0.25,-0.075
12.706,-90.0002,1.63319e-12,0.75,0.25,-0.075
12.726,-90.0002,1.63319e-12,0.75,0.25,-0.075
12.747,-90.0002,1.63319e-12,0.75,0.25,-0.075
12.768,-90.0002,1.63319e-12,0.75,0.25,-0.075
12.789,-90.0002,1.63319e-12,0.75,0.25,-0.075
12.81,-90.0002,1.63319e-12,0.75,0.25,-0.075
12.831,-90.0002,1.63319e-12,0.75,0.25,-0.075
12.851,-90.0002,1.63319e-12,0.75,0.25,-0.075
12.872,-90.0002,5.65324e-12,0.73,0.269,-0.06915
12.893,-90.0002,1.02591e-11,0.695,0.304,-0.05865
12.914,-90.0002,3.70333e-12,0.673,0.326,-0.05205
12.935,-90.0002,-3.71096e-12,0.652,0.347,-0.04575
12.956,-90.0002,7.38361e-13,0.632,0.367,-0.03975
12.976,-90.0002,5.18772e-12,0.612,0.387,-0.03375
12.997,-90.0002,-4.80231e-12,0.594,0.405,-0.02835
13.018,-90.0002,-2.07013e-12,0.576,0.423,-0.02295
13.039,-90.0002,6.62065e-13,0.558,0.441,-0.01755
13.06,-90.0002,1.67709e-12,0.542,0.457,-0.01275
13.081,-90.0002,9.56074e-12,0.518,0.481,-0.00555
13.101,-90.0002,-3.00502e-12,0.503,0.496,-0.00105
13.122,-89.9999,0.0568441,0.489,0.51,0.00315
13.143,-89.996,0.350701,0.475,0.524,0.00735
13.164,-89.983,0.901125,0.462,0.537,0.01125
13.185,-89.9559,1.68914,0.449,0.55,0.01515
13.206,-89.9098,2.68855,0.437,0.562,0.01875
13.226,-89.8443,3.83145,0.425,0.574,0.02235
13.247,-89.7489,5.21726,0.414,0.585,0.02565
13.268,-89.6208,7.02849,0.373,0.626,0.03795
13.289,-89.4495,9.21073,0.362,0.637,0.04125
13.31,-89.2306,11.5534,0.351,0.648,0.04455
13.331,-88.9608,14.0412,0.341,0.658,0.04755
13.351,-88.654,16.5447,0.331,0.668,0.05055
13.372,-88.2766,19.2892,0.322,0.677,0.05325
13.393,-87.8402,22.1535,0.313,0.686,0.05595
13.414,-87.3426,25.1181,0.304,0.695,0.05865
13.435,-86.7814,28.1885,0.296,0.703,0.06105
13.456,-86.1548,31.3481,0.284,0.715,0.06465
13.476,-85.4938,34.7175,0.25,0.75,0.075
13.497,-84.7235,38.4591,0.25,0.75,0.075
13.518,-83.8754,42.1231,0.25,0.75,0.075
13.539,-82.9512,45.711,0.25,0.75,0.075
13.56,-81.9525,49.2243,0.25,0.75,0.075
13.581,-80.8808,52.6647,0.25,0.75,0.075
13.601,-79.7937,55.8747,0.25,0.75,0.075
13.622,-78.5839,59.177,0.25,0.75,0.075
13.643,-77.3055,62.4106,0.25,0.75,0.075
13.664,-75.9599,65.5771,0.25,0.75,0.075
13.685,-74.5486,68.6778,0.25,0.75,0.075
13.706,-73.0728,71.7141,0.25,0.75,0.075
13.726,-71.6087,74.5471,0.25,0.75,0.075
13.747,-70.0111,77.4615,0.25,0.75,0.075
13.768,-68.3529,80.3154,0.25,0.75,0.075
13.789,-66.6354,83.11,0.25,0.75,0.075
13.81,-64.8599,85.8465,0.25,0.75,0.075
13.831,-63.0276,88.5262,0.25,0.75,0.075
13.851,-61.2307,91.0265,0.25,0.75,0.075
13.872,-59.2908,93.5986,0.25,0.75,0.075
13.893,-57.2974,96.1173,0.25,0.75,0.075
13.914,-55.2517,98.5836,0.25,0.75,0.075
13.935,-53.1548,100.999,0.25,0.75,0.075
13.956,-51.0077,103.364,0.25,0.75,0.075
13.976,-48.9172,105.57,0.25,0.75,0.075
13.997,-46.6752,107.84,0.25,0.75,0.075
14.018,-44.386,110.063,0.25,0.75,0.075
14.039,-42.0506,112.24,0.25,0.75,0.075
14.06,-39.6701,114.371,0.25,0.75,0.075
14.081,-37.2452,116.459,0.25,0.75,0.075
14.101,-34.8955,118.406,0.25,0.75,0.075
14.122,-32.3869,120.41,0.25,0.75,0.075
14.143,-29.8367,122.371,0.25,0.75,0.075
14.164,-27.2457,124.292,0.25,0.75,0.075
14.185,-24.6147,126.174,0.25,0.75,0.075
14.206,-21.9448,128.016,0.25,0.75,0.075
14.226,-19.3664,129.734,0.25,0.75,0.075
14.247,-16.6224,131.502,0.25,0.75,0.075
14.268,-13.8418,133.234,0.25,0.75,0.075
14.289,-11.0251,134.929,0.25,0.75,0.075
14.31,-8.1733,136.589,0.25,0.75,0.075
14.331,-5.28698,138.215,0.25,0.75,0.075
14.351,-2.5067,139.732,0.25,0.75,0.075
14.372,0.444897,141.293,0.25,0.75,0.075
14.393,3.4289,142.821,0.25,0.75,0.075
14.414,6.44465,144.317,0.25,0.75,0.075
14.435,9.49148,145.782,0.25,0.75,0.075
14.456,12.5687,147.217,0.25,0.75,0.075
14.476,15.5272,148.556,0.25,0.75,0.075
14.497,18.662,149.933,0.25,0.75,0.075
14.518,21.8255,151.281,0.25,0.75,0.075
14.539,25.017,152.602,0.25,0.75,0.075
14.56,28.2359,153.895,0.25,0.75,0.075
14.581,31.4817,155.161,0.25,0.75,0.075
14.601,34.5974,156.343,0.25,0.75,0.075
14.622,37.894,157.558,0.25,0.75,0.075
14.643,41.2158,158.748,0.25,0.75,0.075
14.664,44.5624,159.914,0.25,0.75,0.075
14.685,47.9332,161.055,0.25,0.75,0.075
14.706,51.3277,162.173,0.25,0.75,0.075
14.726,54.5821,163.215,0.25,0.75,0.075
14.747,58.0215,164.288,0.25,0.75,0.075
14.768,61.4831,165.339,0.25,0.75,0.075
14.789,64.9666,166.367,0.25,0.75,0.075
14.81,68.4714,167.374,0.25,0.75,0.075
14.831,71.9972,168.361,0.25,0.75,0.075
14.851,75.3741,169.281,0.25,0.75,0.075
14.872,78.9394,170.228,0.25,0.75,0.075
14.893,82.5244,171.155,0.25,0.75,0.075
14.914,86.1287,172.062,0.25,0.75,0.075
14.935,89.7518,172.951,0.25,0.75,0.075
14.956,90.0002,-1.63319e-12,0.25,0.75,0.075
14.976,90.0002,-1.63319e-12,0.25,0.75,0.075
14.997,90.0002,-1.63319e-12,0.25,0.75,0.075
15.018,90.0002,-1.63319e-12,0.25,0.75,0.075
15.039,90.0002,-1.63319e-12,0.25,0.75,0.075
15.06,90.0002,-1.63319e-12,0.25,0.75,0.075
15.081,90.0002,-1.63319e-12,0.25,0.75,0.075
15.101,90.0002,5.50827e-12,0.256,0.743,0.07305
15.122,90.0002,-2.3754e-12,0.28,0.719,0.06585
15.143,90.0002,3.32174e-12,0.303,0.696,0.05895
15.164,90.0002,-1.22891e-11,0.336,0.663,0.04905
15.185,90.0002,-4.87482e-12,0.357,0.642,0.04275
15.206,90.0002,3.39806e-12,0.377,0.622,0.03675
15.226,90.0002,-1.92709e-13,0.396,0.603,0.03105
15.247,90.0002,-2.92489e-12,0.414,0.585,0.02565
15.268,90.0002,-5.65708e-12,0.432,0.567,0.02025
15.289,90.0002,5.19153e-12,0.449,0.55,0.01515
15.31,90.0002,4.17651e-12,0.465,0.534,0.01035
15.331,90.0002,3.16147e-12,0.481,0.518,0.00555
15.351,90.0002,-0.00300502,0.503,0.496,-0.00105
15.372,89.999,-0.149161,0.517,0.482,-0.00525
15.393,89.9918,-0.554134,0.531,0.468,-0.00945
15.414,89.9735,-1.21088,0.547,0.452,-0.01425
15.435,89.9382,-2.15144,0.56,0.439,-0.01815
15.456,89.8806,-3.30958,0.572,0.427,-0.02175
15.476,89.8012,-4.59411,0.583,0.416,-0.02505
15.497,89.6883,-6.11968,0.594,0.405,-0.02835
15.518,89.5413,-7.8243,0.605,0.394,-0.03165
15.539,89.3566,-9.69501,0.621,0.378,-0.03645
15.56,89.131,-11.7121,0.63,0.369,-0.03915
15.581,88.8616,-13.871,0.64,0.359,-0.04215
15.601,88.5615,-16.0513,0.649,0.35,-0.04485
15.622,88.1973,-18.7677,0.73,0.269,-0.06915
15.643,87.7607,-22.6682,0.746,0.253,-0.07395
15.664,87.2408,-26.6484,0.75,0.25,-0.075
15.685,86.6381,-30.5577,0.75,0.25,-0.075
15.706,85.9541,-34.3857,0.75,0.25,-0.075
15.726,85.2288,-37.9576,0.75,0.25,-0.075
15.747,84.3911,-41.632,0.75,0.25,-0.075
15.768,83.4771,-45.23,0.75,0.25,-0.075
15.789,82.4884,-48.7534,0.75,0.25,-0.075
15.81,81.4265,-52.2035,0.75,0.25,-0.075
15.831,80.2929,-55.582,0.75,0.25,-0.075
15.851,79.1481,-58.7343,0.75,0.25,-0.075
15.872,77.8789,-61.9772,0.75,0.25,-0.075
15.893,76.5423,-65.1526,0.75,0.25,-0.075
15.914,75.1398,-68.2621,0.75,0.25,-0.075
15.935,73.6727,-71.3071,0.75,0.25,-0.075
15.956,72.1423,-74.2888,0.75,0.25,-0.075
15.976,70.6272,-77.0709,0.75,0.25,-0.075
15.997,68.9772,-79.9328,0.75,0.25,-0.075
16.018,67.2676,-82.7354,0.75,0.25,-0.075
16.039,65.4999,-85.4797,0.75,0.25,-0.075
16.06,63.6752,-88.167,0.75,0.25,-0.075
16.081,61.7946,-90.7985,0.75,0.25,-0.075
16.102,59.8594,-93.3753,0.75,0.25,-0.075
16.123,57.8707,-95.8986,0.75,0.25,-0.075
16.144,55.8296,-98.3695,0.75,0.25,-0.075
16.164,53.8379,-100.675,0.75,0.25,-0.075
16.185,51.6975,-103.047,0.75,0.25,-0.075
16.206,49.5079,-105.369,0.75,0.25,-0.075
16.227,47.2701,-107.643,0.75,0.25,-0.075
16.248,44.985,-109.87,0.75,0.25,-0.075
16.269,42.6536,-112.051,0.75,0.25,-0.075
16.289,40.3912,-114.086,0.75,0.25,-0.075
16.31,37.9723,-116.179,0.75,0.25,-0.075
16.331,35.5099,-118.229,0.75,0.25,-0.075
16.352,33.005,-120.236,0.75,0.25,-0.075
16.373,30.4583,-122.201,0.75,0.25,-0.075
16.394,27.8708,-124.126,0.75,0.25,-0.075
16.414,25.3694,-125.921,0.75,0.25,-0.075
16.435,22.7047,-127.769,0.75,0.25,-0.075
16.456,20.0016,-129.578,0.75,0.25,-0.075
16.477,17.2609,-131.349,0.75,0.25,-0.075
16.498,14.4834,-133.084,0.75,0.25,-0.075
16.519,11.6699,-134.782,0.75,0.25,-0.075
16.539,8.95759,-136.367,0.75,0.25,-0.075
16.56,6.07589,-137.997,0.75,0.25,-0.075
16.581,3.16033,-139.594,0.75,0.25,-0.075
16.602,0.211606,-141.157,0.75,0.25,-0.075
16.623,-2.76959,-142.688,0.75,0.25,-0.075
16.644,-5.78258,-144.187,0.75,0.25,-0.075
16.664,-8.68105,-145.586,0.75,0.25,-0.075
16.685,-11.7542,-147.025,0.75,0.25,-0.075
16.706,-14.8573,-148.434,0.75,0.25,-0.075
16.727,-17.9896,-149.813,0.75,0.25,-0.075
16.748,-21.1506,-151.164,0.75,0.25,-0.075
16.769,-24.3397,-152.487,0.75,0.25,-0.075
16.789,-27.4024,-153.722,0.75,0.25,-0.075
16.81,-30.6446,-154.992,0.75,0.25,-0.075
16.831,-33.9131,-156.235,0.75,0.25,-0.075
16.852,-37.2075,-157.453,0.75,0.25,-0.075
16.873,-40.5272,-158.645,0.75,0.25,-0.075
16.894,-43.8716,-159.813,0.75,0.25,-0.075
16.914,-47.0793,-160.902,0.75,0.25,-0.075
16.935,-50.4707,-162.023,0.75,0.25,-0.075
16.956,-53.8853,-163.12,0.75,0.25,-0.075
16.977,-57.3226,-164.195,0.75,0.25,-0.075
16.998,-60.7823,-165.247,0.75,0.25,-0.075
17.019,-64.2639,-166.278,0.75,0.25,-0.075
17.039,-67.5996,-167.239,0.75,0.25,-0.075
17.06,-71.1225,-168.228,0.75,0.25,-0.075
17.081,-74.666,-169.197,0.75,0.25,-0.075
17.102,-78.2296,-170.145,0.75,0.25,-0.075
17.123,-81.8129,-171.074,0.75,0.25,-0.075
17.144,-85.4155,-171.984,0.75,0.25,-0.075
17.164,-88.8641,-172.832,0.75,0.25,-0.075
17.185,-90.0002,1.63319e-12,0.75,0.25,-0.075
17.206,-90.0002,1.63319e-12,0.75,0.25,-0.075
17.227,-90.0002,1.63319e-12,0.75,0.25,-0.075
17.248,-90.0002,1.63319e-12,0.75,0.25,-0.075
17.269,-90.0002,1.63319e-12,0.75,0.25,-0.075
17.289,-90.0002,1.63319e-12,0.75,0.25,-0.075
17.31,-90.0002,1.63319e-12,0.75,0.25,-0.075
17.331,-90.0002,1.63319e-12,0.75,0.25,-0.075
17.352,-90.0002,1.63319e-12,0.75,0.25,-0.075
17.373,-90.0002,1.63319e-12,0.75,0.25,-0.075
17.394,-90.0002,1.63319e-12,0.75,0.25,-0.075
17.414,-90.0002,1.63319e-12,0.75,0.25,-0.075
17.435,-90.0002,1.63319e-12,0.75,0.25,-0.075
17.456,-90.0002,1.63319e-12,0.75,0.25,-0.075
17.477,-90.0002,2.06249e-12,0.749,0.25,-0.07485
17.498,-90.0002,-2.77608e-12,0.725,0.274,-0.06765
17.519,-90.0002,4.249e-12,0.702,0.297,-0.06075
17.539,-90.0002,-2.30672e-12,0.68,0.319,-0.05415
17.56,-90.0002,3.85978e-12,0.658,0.341,-0.04755
17.581,-90.0002,-4.41309e-12,0.638,0.361,-0.04155
17.602,-90.0002,7.76345e-12,0.609,0.39,-0.03285
17.623,-90.0002,-1.368e-12,0.59,0.409,-0.02715
17.644,-90.0002,1.36418e-12,0.572,0.427,-0.02175
17.664,-90.0002,3.23779e-12,0.555,0.444,-0.01665
17.685,-90.0002,4.25282e-12,0.539,0.46,-0.01185
17.706,-90.0002,5.26785e-12,0.523,0.476,-0.00705
17.727,-90.0002,5.42431e-12,0.508,0.491,-0.00255
17.748,-90,0.0500266,0.493,0.506,0.00195
17.769,-89.9961,0.343918,0.479,0.52,0.00615
17.789,-89.984,0.856158,0.466,0.533,0.01005
17.81,-89.9579,1.63484,0.446,0.553,0.01605
17.831,-89.9129,2.63793,0.434,0.565,0.01965
17.852,-89.8446,3.84119,0.423,0.576,0.02295
17.873,-89.749,5.22946,0.411,0.588,0.02655
17.894,-89.6222,6.80302,0.401,0.598,0.02955
17.914,-89.4652,8.89605,0.357,0.642,0.04275
17.935,-89.2512,11.4155,0.341,0.658,0.04755
17.956,-88.9818,14.1399,0.33,0.669,0.05085
17.977,-88.6534,17.0125,0.315,0.684,0.05535
17.998,-88.2634,20.0125,0.305,0.694,0.05835
18.019,-87.809,23.1304,0.296,0.703,0.06105
18.039,-87.3117,26.6105,0.25,0.75,0.075
18.06,-86.7097,30.5206,0.25,0.75,0.075
18.081,-86.0265,34.3494,0.25,0.75,0.075
18.102,-85.2638,38.0987,0.25,0.75,0.075
18.123,-84.4232,41.7702,0.25,0.75,0.075
18.144,-83.5063,45.3654,0.25,0.75,0.075
18.164,-82.5637,48.7199,0.25,0.75,0.075
18.185,-81.5025,52.1708,0.25,0.75,0.075
18.206,-80.3696,55.5499,0.25,0.75,0.075
18.227,-79.1665,58.8589,0.25,0.75,0.075
18.248,-77.8947,62.0991,0.25,0.75,0.075
18.269,-76.5556,65.2721,0.25,0.75,0.075
18.289,-75.219,68.2326,0.25,0.75,0.075
18.31,-73.7525,71.2782,0.25,0.75,0.075
18.331,-72.2228,74.2605,0.25,0.75,0.075
18.352,-70.631,77.1808,0.25,0.75,0.075
18.373,-68.9787,80.0405,0.25,0.75,0.075
18.394,-67.2669,82.8408,0.25,0.75,0.075
18.414,-65.5826,85.4536,0.25,0.75,0.075
18.435,-63.7584,88.1415,0.25,0.75,0.075
18.456,-61.8784,90.7735,0.25,0.75,0.075
18.477,-59.9437,93.3509,0.25,0.75,0.075
18.498,-57.9555,95.8747,0.25,0.75,0.075
18.519,-55.9148,98.3461,0.25,0.75,0.075
18.539,-53.9236,100.652,0.25,0.75,0.075
18.56,-51.7837,103.024,0.25,0.75,0.075
18.581,-49.5946,105.347,0.25,0.75,0.075
18.602,-47.3572,107.622,0.25,0.75,0.075
18.623,-45.0726,109.849,0.25,0.75,0.075
18.644,-42.7417,112.03,0.25,0.75,0.075
18.664,-40.4796,114.065,0.25,0.75,0.075
18.685,-38.0611,116.159,0.25,0.75,0.075
18.706,-35.5992,118.209,0.25,0.75,0.075
18.727,-33.0946,120.217,0.25,0.75,0.075
18.748,-30.5484,122.182,0.25,0.75,0.075
18.769,-27.9613,124.107,0.25,0.75,0.075
18.789,-25.4602,125.903,0.25,0.75,0.075
18.81,-22.7959,127.751,0.25,0.75,0.075
18.831,-20.0931,129.56,0.25,0.75,0.075
18.852,-17.3528,131.332,0.25,0.75,0.075
18.873,-14.5757,133.067,0.25,0.75,0.075
18.894,-11.7625,134.766,0.25,0.75,0.075
18.914,-9.05051,136.351,0.25,0.75,0.075
18.935,-6.16914,137.982,0.25,0.75,0.075
18.956,-3.2539,139.579,0.25,0.75,0.075
18.977,-0.305492,141.142,0.25,0.75,0.075
18.998,2.67539,142.673,0.25,0.75,0.075
19.019,5.68808,144.173,0.25,0.75,0.075
19.039,8.58627,145.572,0.25,0.75,0.075
19.06,11.6592,147.011,0.25,0.75,0.075
19.081,14.7619,148.42,0.25,0.75,0.075
19.102,17.894,149.8,0.25,0.75,0.075
19.123,21.0547,151.151,0.25,0.75,0.075
19.144,24.2435,152.475,0.25,0.75,0.075
19.164,27.306,153.709,0.25,0.75,0.075
19.185,30.5479,154.98,0.25,0.75,0.075
19.206,33.8162,156.223,0.25,0.75,0.075
19.227,37.1103,157.441,0.25,0.75,0.075
19.248,40.4298,158.634,0.25,0.75,0.075
19.269,43.774,159.802,0.25,0.75,0.075
19.289,46.9815,160.891,0.25,0.75,0.075
19.31,50.3726,162.012,0.25,0.75,0.075
19.331,53.7869,163.11,0.25,0.75,0.075
19.352,57.2241,164.185,0.25,0.75,0.075
19.373,60.6836,165.237,0.25,0.75,0.075
19.394,64.165,166.268,0.25,0.75,0.075
19.414,67.5005,167.23,0.25,0.75,0.075
19.435,71.0232,168.219,0.25,0.75,0.075
19.456,74.5665,169.188,0.25,0.75,0.075
19.477,78.1299,170.136,0.25,0.75,0.075
19.498,81.713,171.065,0.25,0.75,0.075
19.519,85.3154,171.975,0.25,0.75,0.075
19.539,88.7639,172.824,0.25,0.75,0.075
19.56,90.0002,-1.63321e-12,0.25,0.75,0.075
19.581,90.0002,-1.63321e-12,0.25,0.75,0.075
19.602,90.0002,-1.63321e-12,0.25,0.75,0.075
19.623,90.0002,-1.63321e-12,0.25,0.75,0.075
19.644,90.0002,-1.63321e-12,0.25,0.75,0.075
19.664,90.0002,-1.63321e-12,0.25,0.75,0.075
19.685,90.0002,-1.63321e-12,0.25,0.75,0.075
19.706,90.0002,-1.63321e-12,0.25,0.75,0.075
19.727,90.0002,-1.63321e-12,0.25,0.75,0.075
19.748,90.0002,-1.63321e-12,0.25,0.75,0.075
19.769,90.0002,-1.63321e-12,0.25,0.75,0.075
19.789,90.0002,-1.63321e-12,0.25,0.75,0.075
19.81,90.0002,-1.63321e-12,0.25,0.75,0.075
19.831,90.0002,-1.63321e-12,0.25,0.75,0.075
19.852,90.0002,-1.63321e-12,0.25,0.75,0.075
19.873,90.0002,-5.01782e-13,0.263,0.736,0.07095
19.894,90.0002,4.33679e-12,0.287,0.712,0.06375
19.914,90.0002,-1.82971e-12,0.309,0.69,0.05715
19.935,90.0002,4.72601e-12,0.331,0.668,0.05055
19.956,90.0002,-5.81917e-13,0.352,0.647,0.04425
19.977,90.0002,-5.03125e-12,0.372,0.627,0.03825
19.998,90.0002,3.24161e-12,0.392,0.607,0.03225
20.019,90.0002,5.09423e-13,0.41,0.589,0.02685
20.039,90.0002,-2.22276e-12,0.428,0.571,0.02145
20.06,90.0002,-1.0965e-11,0.453,0.546,0.01395
20.081,90.0002,7.42194e-13,0.469,0.53,0.00915
20.102,90.0002,-2.72838e-13,0.485,0.514,0.00435
20.123,90.0002,-0.00214216,0.5,0.499,-0.00015
20.144,89.9991,-0.142437,0.514,0.485,-0.00435
20.164,89.9928,-0.517671,0.528,0.471,-0.00855
20.185,89.9752,-1.16401,0.541,0.458,-0.01245
20.206,89.9417,-2.02647,0.554,0.445,-0.01635
20.227,89.8875,-3.11061,0.566,0.433,-0.01995
20.248,89.8083,-4.39235,0.583,0.416,-0.02505
20.269,89.7,-5.92773,0.616,0.383,-0.03495
20.289,89.561,-7.92871,0.636,0.363,-0.04095
20.31,89.3689,-10.281,0.647,0.352,-0.04425
20.331,89.1257,-12.7901,0.657,0.342,-0.04725
20.352,88.8281,-15.4529,0.668,0.331,-0.05055
20.373,88.4731,-18.2438,0.677,0.322,-0.05325
20.394,88.0582,-21.1528,0.687,0.312,-0.05625
20.414,87.6024,-24.4957,0.75,0.25,-0.075
20.435,87.0444,-28.4497,0.75,0.25,-0.075
20.456,86.4042,-32.3216,0.75,0.25,-0.075
20.477,85.6836,-36.113,0.75,0.25,-0.075
20.498,84.8843,-39.8257,0.75,0.25,-0.075
20.519,84.0078,-43.4613,0.75,0.25,-0.075
20.539,83.1029,-46.8535,0.75,0.25,-0.075
20.56,82.0804,-50.3431,0.75,0.25,-0.075
20.581,80.9855,-53.7603,0.75,0.25,-0.075
20.602,79.8196,-57.1064,0.75,0.25,-0.075
20.623,78.5842,-60.3831,0.75,0.25,-0.075
20.644,77.2807,-63.5916,0.75,0.25,-0.075
20.664,75.9774,-66.5855,0.75,0.25,-0.075
20.685,74.5451,-69.6652,0.75,0.25,-0.075
20.706,73.0488,-72.681,0.75,0.25,-0.075
20.727,71.4899,-75.6341,0.75,0.25,-0.075
20.748,69.8697,-78.526,0.75,0.25,-0.075
20.769,68.1894,-81.3577,0.75,0.25,-0.075
20.789,66.5344,-83.9999,0.75,0.25,-0.075
20.81,64.7404,-86.7179,0.75,0.25,-0.075
20.831,62.89,-89.3795,0.75,0.25,-0.075
20.852,60.9842,-91.9858,0.75,0.25,-0.075
20.873,59.0244,-94.538,0.75,0.25,-0.075
20.894,57.0115,-97.0372,0.75,0.25,-0.075
20.914,55.0462,-99.3691,0.75,0.25,-0.075
20.935,52.933,-101.768,0.75,0.25,-0.075
20.956,50.7699,-104.117,0.75,0.25,-0.075
20.977,48.5581,-106.417,0.75,0.25,-0.075
20.998,46.2985,-108.669,0.75,0.25,-0.075
21.019,43.9921,-110.875,0.75,0.25,-0.075
21.039,41.7529,-112.933,0.75,0.25,-0.075
21.06,39.3579,-115.05,0.75,0.25,-0.075
21.081,36.919,-117.123,0.75,0.25,-0.075
21.102,34.437,-119.153,0.75,0.25,-0.075
21.123,31.9128,-121.141,0.75,0.25,-0.075
21.144,29.3474,-123.088,0.75,0.25,-0.075
21.164,26.8665,-124.904,0.75,0.25,-0.075
21.185,24.2229,-126.773,0.75,0.25,-0.075
21.206,21.5405,-128.602,0.75,0.25,-0.075
21.227,18.82,-130.394,0.75,0.25,-0.075
21.248,16.0624,-132.148,0.75,0.25,-0.075
21.269,13.2683,-133.866,0.75,0.25,-0.075
21.289,10.5741,-135.469,0.75,0.25,-0.075
21.31,7.71107,-137.118,0.75,0.25,-0.075
21.331,4.81377,-138.733,0.75,0.25,-0.075
21.352,1.88292,-140.314,0.75,0.25,-0.075
21.373,-1.08076,-141.862,0.75,0.25,-0.075
21.394,-4.07661,-143.379,0.75,0.25,-0.075
21.414,-6.95908,-144.793,0.75,0.25,-0.075
21.435,-10.0158,-146.249,0.75,0.25,-0.075
21.456,-13.1028,-147.674,0.75,0.25,-0.075
21.477,-16.2193,-149.069,0.75,0.25,-0.075
21.498,-19.3648,-150.436,0.75,0.25,-0.075
21.519,-22.5388,-151.774,0.75,0.25,-0.075
21.539,-25.5874,-153.022,0.75,0.25,-0.075
21.56,-28.815,-154.307,0.75,0.25,-0.075
21.581,-32.0694,-155.565,0.75,0.25,-0.075
21.602,-35.3498,-156.796,0.75,0.25,-0.075
21.623,-38.6558,-158.002,0.75,0.25,-0.075
21.644,-41.9869,-159.183,0.75,0.25,-0.075
21.664,-45.1822,-160.285,0.75,0.25,-0.075
21.685,-48.5607,-161.419,0.75,0.25,-0.075
21.706,-51.9627,-162.529,0.75,0.25,-0.075
21.727,-55.3878,-163.616,0.75,0.25,-0.075
21.748,-58.8355,-164.68,0.75,0.25,-0.075
21.769,-62.3053,-165.722,0.75,0.25,-0.075
21.789,-65.63,-166.695,0.75,0.25,-0.075
21.81,-69.1416,-167.695,0.75,0.25,-0.075
21.831,-72.674,-168.675,0.75,0.25,-0.075
21.852,-76.2268,-169.634,0.75,0.25,-0.075
21.873,-79.7994,-170.573,0.75,0.25,-0.075
21.894,-83.3916,-171.493,0.75,0.25,-0.075
21.914,-86.8305,-172.351,0.75,0.25,-0.075
21.935,-90.0002,6.00632e-08,0.75,0.25,-0.075
21.956,-90.0002,1.63321e-12,0.75,0.25,-0.075
21.977,-90.0002,1.63321e-12,0.75,0.25,-0.075
21.998,-90.0002,1.63321e-12,0.75,0.25,-0.075
22.019,-90.0002,1.63321e-12,0.75,0.25,-0.075
22.039,-90.0002,1.63321e-12,0.75,0.25,-0.075
22.06,-90.0002,1.63321e-12,0.75,0.25,-0.075
22.081,-90.0002,1.63321e-12,0.75,0.25,-0.075
22.102,-90.0002,1.63321e-12,0.75,0.25,-0.075
22.123,-90.0002,4.63824e-12,0.746,0.253,-0.07395
22.144,-90.0002,-2.0035e-13,0.722,0.277,-0.06675
22.164,-90.0002,-5.89749e-12,0.699,0.3,-0.05985
22.185,-90.0002,2.6903e-13,0.677,0.322,-0.05325
22.206,-90.0002,-6.28669e-12,0.655,0.344,-0.04665
22.227,-90.0002,-1.83737e-12,0.635,0.364,-0.04065
22.248,-90.0002,2.61198e-12,0.615,0.384,-0.03465
22.269,-90.0002,6.20275e-12,0.596,0.403,-0.02895
22.289,-90.0002,-3.78728e-12,0.578,0.421,-0.02355
22.31,-90.0002,-1.91368e-12,0.561,0.438,-0.01845
22.331,-90.0002,-5.89366e-12,0.536,0.463,-0.01095
22.352,-90.0002,-4.87863e-12,0.52,0.479,-0.00615
22.373,-90.0002,-4.72218e-12,0.505,0.494,-0.00165
22.394,-89.9999,0.0551538,0.491,0.508,0.00255
22.414,-89.9964,0.330058,0.477,0.522,0.00675
22.435,-89.984,0.862164,0.464,0.535,0.01065
22.456,-89.9579,1.62631,0.451,0.548,0.01455
22.477,-89.9133,2.60919,0.438,0.561,0.01845
22.498,-89.8456,3.81208,0.421,0.578,0.02355
22.519,-89.7494,5.38533,0.389,0.61,0.03315
22.539,-89.6226,7.21984,0.378,0.621,0.03645
22.56,-89.4483,9.31484,0.367,0.632,0.03975
22.581,-89.2281,11.572,0.357,0.642,0.04275
22.602,-88.959,13.9693,0.347,0.652,0.04575
22.623,-88.6381,16.5038,0.337,0.662,0.04875
22.644,-88.2624,19.1692,0.328,0.671,0.05145
22.664,-87.8409,22.8787,0.25,0.75,0.075
22.685,-87.3165,26.8663,0.25,0.75,0.075
22.706,-86.7092,30.771,0.25,0.75,0.075
22.727,-86.0208,34.5947,0.25,0.75,0.075
22.748,-85.253,38.3389,0.25,0.75,0.075
22.769,-84.4074,42.0054,0.25,0.75,0.075
22.789,-83.5313,45.4264,0.25,0.75,0.075
22.81,-82.5385,48.9457,0.25,0.75,0.075
22.831,-81.4726,52.3918,0.25,0.75,0.075
22.852,-80.3351,55.7664,0.25,0.75,0.075
22.873,-79.1275,59.0709,0.25,0.75,0.075
22.894,-77.8513,62.3067,0.25,0.75,0.075
22.914,-76.5734,65.3259,0.25,0.75,0.075
22.935,-75.1673,68.4319,0.25,0.75,0.075
22.956,-73.6966,71.4733,0.25,0.75,0.075
22.977,-72.1628,74.4515,0.25,0.75,0.075
22.998,-70.5672,77.3679,0.25,0.75,0.075
23.019,-68.9109,80.2237,0.25,0.75,0.075
23.039,-67.2784,82.8883,0.25,0.75,0.075
23.06,-65.5075,85.6295,0.25,0.75,0.075
23.081,-63.6796,88.3137,0.25,0.75,0.075
23.102,-61.796,90.9421,0.25,0.75,0.075
23.123,-59.8578,93.516,0.25,0.75,0.075
23.144,-57.8662,96.0363,0.25,0.75,0.075
23.164,-55.9207,98.388,0.25,0.75,0.075
23.185,-53.8278,100.807,0.25,0.75,0.075
23.206,-51.6847,103.176,0.25,0.75,0.075
23.227,-49.4924,105.496,0.25,0.75,0.075
23.248,-47.252,107.767,0.25,0.75,0.075
23.269,-44.9643,109.992,0.25,0.75,0.075
23.289,-42.7426,112.067,0.25,0.75,0.075
23.31,-40.3656,114.202,0.25,0.75,0.075
23.331,-37.9443,116.293,0.25,0.75,0.075
23.352,-35.4795,118.34,0.25,0.75,0.075
23.373,-32.9723,120.345,0.25,0.75,0.075
23.394,-30.4233,122.308,0.25,0.75,0.075
23.414,-27.9579,124.14,0.25,0.75,0.075
23.435,-25.3301,126.024,0.25,0.75,0.075
23.456,-22.6633,127.869,0.25,0.75,0.075
23.477,-19.9581,129.676,0.25,0.75,0.075
23.498,-17.2153,131.446,0.25,0.75,0.075
23.519,-14.4359,133.178,0.25,0.75,0.075
23.539,-11.7553,134.795,0.25,0.75,0.075
23.56,-8.90623,136.458,0.25,0.75,0.075
23.581,-6.02264,138.086,0.25,0.75,0.075
23.602,-3.10523,139.681,0.25,0.75,0.075
23.623,-0.154695,141.242,0.25,0.75,0.075
23.644,2.82827,142.771,0.25,0.75,0.075
23.664,5.69873,144.198,0.25,0.75,0.075
23.685,8.74309,145.666,0.25,0.75,0.075
23.706,11.8179,147.103,0.25,0.75,0.075
23.727,14.9226,148.51,0.25,0.75,0.075
23.748,18.0566,149.889,0.25,0.75,0.075
23.769,21.2191,151.238,0.25,0.75,0.075
23.789,24.2571,152.497,0.25,0.75,0.075
23.81,27.4739,153.792,0.25,0.75,0.075
23.831,30.7175,155.061,0.25,0.75,0.075
23.852,33.9875,156.303,0.25,0.75,0.075
23.873,37.2833,157.519,0.25,0.75,0.075
23.894,40.6043,158.71,0.25,0.75,0.075
23.914,43.7902,159.821,0.25,0.75,0.075
23.935,47.1591,160.965,0.25,0.75,0.075
23.956,50.5517,162.084,0.25,0.75,0.075
23.977,53.9676,163.18,0.25,0.75,0.075
23.998,57.4062,164.254,0.25,0.75,0.075
24.019,60.8671,165.305,0.25,0.75,0.075
24.039,64.1836,166.286,0.25,0.75,0.075
24.06,67.6867,167.294,0.25,0.75,0.075
24.081,71.2108,168.282,0.25,0.75,0.075
24.102,74.7554,169.25,0.25,0.75,0.075
24.123,78.3201,170.197,0.25,0.75,0.075
24.144,81.9045,171.125,0.25,0.75,0.075
24.164,85.3361,171.99,0.25,0.75,0.075
24.185,88.9577,172.881,0.25,0.75,0.075
24.206,90.0002,-1.63321e-12,0.25,0.75,0.075
24.227,90.0002,-1.63321e-12,0.25,0.75,0.075
24.248,90.0002,-1.63321e-12,0.25,0.75,0.075
24.269,90.0002,-1.63321e-12,0.25,0.75,0.075
24.289,90.0002,-1.63321e-12,0.25,0.75,0.075
24.31,90.0002,-1.63321e-12,0.25,0.75,0.075
24.331,90.0002,-1.63321e-12,0.25,0.75,0.075
24.352,90.0002,-6.35537e-12,0.255,0.744,0.07335
24.373,90.0002,-1.18198e-11,0.291,0.708,0.06255
24.394,90.0002,-5.26404e-12,0.313,0.686,0.05595
24.414,90.0002,1.29168e-12,0.335,0.664,0.04935
24.435,90.0002,-4.01622e-12,0.356,0.643,0.04305
24.456,90.0002,5.11523e-12,0.375,0.624,0.03735
24.477,90.0002,6.65879e-13,0.395,0.604,0.03135
24.498,90.0002,-2.06632e-12,0.413,0.586,0.02595
24.519,90.0002,-4.7985e-12,0.431,0.568,0.02055
24.539,90.0002,6.05011e-12,0.448,0.551,0.01545
24.56,90.0002,-1.83354e-12,0.472,0.527,0.00825
24.581,90.0002,-1.98999e-12,0.487,0.512,0.00375
24.602,90.0002,-0.00643291,0.502,0.497,-0.00075
24.623,89.9989,-0.158528,0.516,0.483,-0.00495
24.644,89.9913,-0.587108,0.53,0.469,-0.00915
24.664,89.9734,-1.21206,0.543,0.456,-0.01305
24.685,89.9387,-2.08624,0.555,0.444,-0.01665
24.706,89.8832,-3.18709,0.568,0.431,-0.02055
24.727,89.8023,-4.48003,0.579,0.42,-0.02385
24.748,89.6921,-5.96539,0.596,0.403,-0.02895
24.769,89.5489,-7.62393,0.606,0.393,-0.03195
24.789,89.3785,-9.34862,0.616,0.383,-0.03495
24.81,89.1609,-11.311,0.626,0.373,-0.03795
24.831,88.9005,-13.4068,0.635,0.364,-0.04065
24.852,88.5948,-15.6316,0.644,0.355,-0.04335
24.873,88.2409,-17.9751,0.652,0.347,-0.04575
24.894,87.8238,-21.7121,0.741,0.258,-0.07245
24.914,87.3499,-25.498,0.75,0.25,-0.075
24.935,86.7711,-29.4312,0.75,0.25,-0.075
24.956,86.1105,-33.2826,0.75,0.25,-0.075
24.977,85.3699,-37.0541,0.75,0.25,-0.075
24.998,84.551,-40.7473,0.75,0.25,-0.075
25.019,83.6554,-44.3637,0.75,0.25,-0.075
25.039,82.7326,-47.7381,0.75,0.25,-0.075
25.06,81.6918,-51.2093,0.75,0.25,-0.075
25.081,80.5789,-54.6084,0.75,0.25,-0.075
25.102,79.3954,-57.937,0.75,0.25,-0.075
25.123,78.1427,-61.1964,0.75,0.25,-0.075
25.144,76.8224,-64.388,0.75,0.25,-0.075
25.164,75.5032,-67.3661,0.75,0.25,-0.075
25.185,74.0547,-70.4296,0.75,0.25,-0.075
25.206,72.5426,-73.4296,0.75,0.25,-0.075
25.227,70.9682,-76.3672,0.75,0.25,-0.075
25.248,69.3327,-79.2437,0.75,0.25,-0.075
25.269,67.6375,-82.0606,0.75,0.25,-0.075
25.289,65.9686,-84.6889,0.75,0.25,-0.075
25.31,64.1603,-87.3926,0.75,0.25,-0.075
25.331,62.2958,-90.0402,0.75,0.25,-0.075
25.352,60.3764,-92.6328,0.75,0.25,-0.075
25.373,58.4031,-95.1715,0.75,0.25,-0.075
25.394,56.377,-97.6575,0.75,0.25,-0.075
25.414,54.3995,-99.9771,0.75,0.25,-0.075
25.435,52.2736,-102.363,0.75,0.25,-0.075
25.456,50.0982,-104.7,0.75,0.25,-0.075
25.477,47.8742,-106.988,0.75,0.25,-0.075
25.498,45.6028,-109.229,0.75,0.25,-0.075
25.519,43.2847,-111.423,0.75,0.25,-0.075
25.539,41.0347,-113.47,0.75,0.25,-0.075
25.56,38.6286,-115.576,0.75,0.25,-0.075
25.581,36.1788,-117.638,0.75,0.25,-0.075
25.602,33.6861,-119.657,0.75,0.25,-0.075
25.623,31.1515,-121.635,0.75,0.25,-0.075
25.644,28.5758,-123.571,0.75,0.25,-0.075
25.664,26.0853,-125.378,0.75,0.25,-0.075
25.685,23.4319,-127.236,0.75,0.25,-0.075
25.706,20.7398,-129.056,0.75,0.25,-0.075
25.727,18.01,-130.839,0.75,0.25,-0.075
25.748,15.2431,-132.584,0.75,0.25,-0.075
25.769,12.44,-134.293,0.75,0.25,-0.075
25.789,9.73733,-135.887,0.75,0.25,-0.075
25.81,6.86559,-137.527,0.75,0.25,-0.075
25.831,3.95979,-139.134,0.75,0.25,-0.075
25.852,1.02062,-140.707,0.75,0.25,-0.075
25.873,-1.95122,-142.247,0.75,0.25,-0.075
25.894,-4.95504,-143.755,0.75,0.25,-0.075
25.914,-7.84497,-145.162,0.75,0.25,-0.075
25.935,-10.9094,-146.61,0.75,0.25,-0.075
25.956,-14.0038,-148.028,0.75,0.25,-0.075
25.977,-17.1277,-149.416,0.75,0.25,-0.075
25.998,-20.2804,-150.775,0.75,0.25,-0.075
26.019,-23.4614,-152.106,0.75,0.25,-0.075
26.039,-26.5166,-153.348,0.75,0.25,-0.075
26.06,-29.751,-154.626,0.75,0.25,-0.075
26.081,-33.012,-155.877,0.75,0.25,-0.075
26.102,-36.2989,-157.102,0.75,0.25,-0.075
26.123,-39.6113,-158.302,0.75,0.25,-0.075
26.144,-42.9486,-159.476,0.75,0.25,-0.075
26.164,-46.1496,-160.572,0.75,0.25,-0.075
26.185,-49.5341,-161.7,0.75,0.25,-0.075
26.206,-52.942,-162.804,0.75,0.25,-0.075
26.227,-56.3728,-163.885,0.75,0.25,-0.075
26.248,-59.8261,-164.944,0.75,0.25,-0.075
26.269,-63.3014,-165.981,0.75,0.25,-0.075
26.289,-66.6312,-166.948,0.75,0.25,-0.075
26.31,-70.1481,-167.943,0.75,0.25,-0.075
26.331,-73.6856,-168.918,0.75,0.25,-0.075
26.352,-77.2434,-169.872,0.75,0.25,-0.075
26.373,-80.8211,-170.807,0.75,0.25,-0.075
26.394,-84.4181,-171.722,0.75,0.25,-0.075
26.414,-87.8615,-172.575,0.75,0.25,-0.075
26.435,-90.0002,1.63321e-12,0.75,0.25,-0.075
26.456,-90.0002,1.63321e-12,0.75,0.25,-0.075
26.477,-90.0002,1.63321e-12,0.75,0.25,-0.075
26.498,-90.0002,1.63321e-12,0.75,0.25,-0.075
26.519,-90.0002,1.63321e-12,0.75,0.25,-0.075
26.539,-90.0002,1.63321e-12,0.75,0.25,-0.075
26.56,-90.0002,1.63321e-12,0.75,0.25,-0.075
26.581,-90.0002,1.63321e-12,0.75,0.25,-0.075
26.602,-90.0002,-5.50827e-12,0.743,0.256,-0.07305
26.623,-90.0002,1.26783e-11,0.707,0.292,-0.06225
26.644,-90.0002,6.12262e-12,0.685,0.314,-0.05565
26.664,-90.0002,-4.33102e-13,0.663,0.336,-0.04905
26.685,-90.0002,4.01622e-12,0.643,0.356,-0.04305
26.706,-90.0002,-4.25665e-12,0.623,0.376,-0.03705
26.727,-90.0002,-6.65879e-13,0.604,0.395,-0.03135
26.748,-90.0002,2.92489e-12,0.585,0.414,-0.02565
26.769,-90.0002,4.7985e-12,0.568,0.431,-0.02055
26.789,-90.0002,-6.05011e-12,0.551,0.448,-0.01545
26.81,-90.0002,-4.17651e-12,0.534,0.465,-0.01035
26.831,-90.0002,2.84857e-12,0.511,0.488,-0.00345
26.852,-90.0002,0.00600704,0.496,0.503,0.00105
26.873,-89.9987,0.175962,0.482,0.517,0.00525
26.894,-89.9908,0.599931,0.469,0.53,0.00915
26.914,-89.9727,1.21181,0.456,0.543,0.01305
26.935,-89.938,2.09456,0.443,0.556,0.01695
26.956,-89.8823,3.19266,0.431,0.568,0.02055
26.977,-89.8013,4.48463,0.42,0.579,0.02385
26.998,-89.6912,5.96399,0.408,0.591,0.02745
27.019,-89.5479,7.62257,0.393,0.606,0.03195
27.039,-89.3776,9.34304,0.383,0.616,0.03495
27.06,-89.1602,11.297,0.373,0.626,0.03795
27.081,-88.9002,13.3939,0.364,0.635,0.04065
27.102,-88.5946,15.6233,0.355,0.644,0.04335
27.123,-88.2319,18.9952,0.272,0.727,0.06825
27.144,-87.7915,22.788,0.261,0.738,0.07155
27.164,-87.2968,26.5046,0.251,0.748,0.07455
27.185,-86.6971,30.4156,0.25,0.75,0.075
27.206,-86.0161,34.2466,0.25,0.75,0.075
27.227,-85.2555,37.9981,0.25,0.75,0.075
27.248,-84.417,41.6716,0.25,0.75,0.075
27.269,-83.5022,45.2689,0.25,0.75,0.075
27.289,-82.5615,48.6253,0.25,0.75,0.075
27.31,-81.5022,52.0781,0.25,0.75,0.075
27.331,-80.3713,55.4592,0.25,0.75,0.075
27.352,-79.1701,58.7701,0.25,0.75,0.075
27.373,-77.9001,62.0122,0.25,0.75,0.075
27.394,-76.5628,65.1869,0.25,0.75,0.075
27.414,-75.2279,68.1491,0.25,0.75,0.075
27.435,-73.7631,71.1964,0.25,0.75,0.075
27.456,-72.2351,74.1804,0.25,0.75,0.075
27.477,-70.645,77.1024,0.25,0.75,0.075
27.498,-68.9943,79.9637,0.25,0.75,0.075
27.519,-67.2841,82.7656,0.25,0.75,0.075
27.539,-65.6013,85.3799,0.25,0.75,0.075
27.56,-63.7786,88.0693,0.25,0.75,0.075
27.581,-61.9001,90.7028,0.25,0.75,0.075
27.602,-59.9669,93.2817,0.25,0.75,0.075
27.623,-57.9801,95.8069,0.25,0.75,0.075
27.644,-55.9409,98.2797,0.25,0.75,0.075
27.664,-53.951,100.587,0.25,0.75,0.075
27.685,-51.8124,102.961,0.25,0.75,0.075
27.706,-49.6246,105.285,0.25,0.75,0.075
27.727,-47.3885,107.561,0.25,0.75,0.075
27.748,-45.1052,109.789,0.25,0.75,0.075
27.769,-42.7755,111.972,0.25,0.75,0.075
27.789,-40.5146,114.008,0.25,0.75,0.075
27.81,-38.0973,116.103,0.25,0.75,0.075
27.831,-35.6365,118.154,0.25,0.75,0.075
27.852,-33.1331,120.163,0.25,0.75,0.075
27.873,-30.588,122.13,0.25,0.75,0.075
27.894,-28.002,124.056,0.25,0.75,0.075
27.914,-25.502,125.853,0.25,0.75,0.075
27.935,-22.8387,127.702,0.25,0.75,0.075
27.956,-20.1369,129.512,0.25,0.75,0.075
27.977,-17.3976,131.285,0.25,0.75,0.075
27.998,-14.6215,133.021,0.25,0.75,0.075
28.019,-11.8093,134.72,0.25,0.75,0.075
28.039,-9.09819,136.306,0.25,0.75,0.075
28.06,-6.21775,137.938,0.25,0.75,0.075
28.081,-3.30342,139.536,0.25,0.75,0.075
28.102,-0.355901,141.1,0.25,0.75,0.075
28.123,2.62411,142.632,0.25,0.75,0.075
28.144,5.63595,144.132,0.25,0.75,0.075
28.164,8.53334,145.532,0.25,0.75,0.075
28.185,11.6054,146.972,0.25,0.75,0.075
28.206,14.7074,148.382,0.25,0.75,0.075
28.227,17.8387,149.763,0.25,0.75,0.075
28.248,20.9986,151.115,0.25,0.75,0.075
28.269,24.1866,152.439,0.25,0.75,0.075
28.289,27.2484,153.675,0.25,0.75,0.075
28.31,30.4896,154.945,0.25,0.75,0.075
28.331,33.7572,156.19,0.25,0.75,0.075
28.352,37.0507,157.408,0.25,0.75,0.075
28.373,40.3694,158.602,0.25,0.75,0.075
28.394,43.7129,159.77,0.25,0.75,0.075
28.414,46.9198,160.861,0.25,0.75,0.075
28.435,50.3103,161.982,0.25,0.75,0.075
28.456,53.724,163.08,0.25,0.75,0.075
28.477,57.1606,164.156,0.25,0.75,0.075
28.498,60.6195,165.209,0.25,0.75,0.075
28.519,64.1003,166.24,0.25,0.75,0.075
28.539,67.4352,167.203,0.25,0.75,0.075
28.56,70.9574,168.192,0.25,0.75,0.075
28.581,74.5001,169.162,0.25,0.75,0.075
28.602,78.063,170.111,0.25,0.75,0.075
28.623,81.6456,171.04,0.25,0.75,0.075
28.644,85.2475,171.951,0.25,0.75,0.075
28.664,88.6954,172.8,0.25,0.75,0.075
28.685,90.0002,-1.63321e-12,0.25,0.75,0.075
28.706,90.0002,-1.63321e-12,0.25,0.75,0.075
28.727,90.0002,-1.63321e-12,0.25,0.75,0.075
28.748,90.0002,-1.63321e-12,0.25,0.75,0.075
28.769,90.0002,-1.63321e-12,0.25,0.75,0.075
28.789,90.0002,-1.63321e-12,0.25,0.75,0.075
28.81,90.0002,-1.63321e-12,0.25,0.75,0.075
28.831,90.0002,-1.63321e-12,0.25,0.75,0.075
28.852,90.0002,-4.79466e-12,0.268,0.731,0.06945
28.873,90.0002,4.38817e-14,0.292,0.707,0.06225
28.894,90.0002,-1.5567e-11,0.325,0.674,0.05235
28.914,90.0002,-8.15266e-12,0.346,0.653,0.04605
28.935,90.0002,-7.38361e-13,0.367,0.632,0.03975
28.956,90.0002,-4.32913e-12,0.386,0.613,0.03405
28.977,90.0002,4.80231e-12,0.405,0.594,0.02835
28.998,90.0002,2.07013e-12,0.423,0.576,0.02295
29.019,90.0002,1.96523e-13,0.44,0.559,0.01785
29.039,90.0002,-1.67709e-12,0.457,0.542,0.01275
29.06,90.0002,-2.69212e-12,0.473,0.526,0.00795
29.081,90.0002,-2.84857e-12,0.488,0.511,0.00345
29.102,90,-0.0449047,0.51,0.489,-0.00315
29.123,89.9964,-0.327085,0.524,0.475,-0.00735
29.144,89.9842,-0.853303,0.537,0.462,-0.01125
29.164,89.9599,-1.57845,0.55,0.449,-0.01515
29.185,89.9164,-2.55471,0.562,0.437,-0.01875
29.206,89.8501,-3.74017,0.574,0.425,-0.02235
29.227,89.7562,-5.24177,0.603,0.396,-0.03105
29.248,89.6252,-7.17217,0.618,0.381,-0.03555
29.269,89.4516,-9.28849,0.634,0.365,-0.04035
29.289,89.2434,-11.4446,0.645,0.354,-0.04365
29.31,88.9766,-13.864,0.655,0.344,-0.04665
29.331,88.6576,-16.4168,0.664,0.335,-0.04935
29.352,88.2829,-19.3419,0.731,0.268,-0.06945
29.373,87.8342,-23.2535,0.748,0.251,-0.07455
29.394,87.302,-27.2283,0.75,0.25,-0.075
29.414,86.7184,-30.9418,0.75,0.25,-0.075
29.435,86.0264,-34.7619,0.75,0.25,-0.075
29.456,85.2551,-38.5026,0.75,0.25,-0.075
29.477,84.4062,-42.1657,0.75,0.25,-0.075
29.498,83.4811,-45.7527,0.75,0.25,-0.075
29.519,82.4815,-49.2651,0.75,0.25,-0.075
29.539,81.4617,-52.5425,0.75,0.25,-0.075
29.56,80.3211,-55.9139,0.75,0.25,-0.075
29.581,79.1105,-59.2154,0.75,0.25,-0.075
29.602,77.8313,-62.4482,0.75,0.25,-0.075
29.623,76.4849,-65.6139,0.75,0.25,-0.075
29.644,75.0728,-68.7138,0.75,0.25,-0.075
29.664,73.6681,-71.6063,0.75,0.25,-0.075
29.685,72.1315,-74.5817,0.75,0.25,-0.075
29.706,70.5331,-77.4954,0.75,0.25,-0.075
29.727,68.8742,-80.3486,0.75,0.25,-0.075
29.748,67.1561,-83.1424,0.75,0.25,-0.075
29.769,65.3799,-85.8783,0.75,0.25,-0.075
29.789,63.6354,-88.431,0.75,0.25,-0.075
29.81,61.7494,-91.057,0.75,0.25,-0.075
29.831,59.8088,-93.6285,0.75,0.25,-0.075
29.852,57.8148,-96.1466,0.75,0.25,-0.075
29.873,55.7685,-98.6123,0.75,0.25,-0.075
29.894,53.671,-101.027,0.75,0.25,-0.075
29.914,51.6268,-103.28,0.75,0.25,-0.075
29.935,49.4323,-105.597,0.75,0.25,-0.075
29.956,47.1897,-107.867,0.75,0.25,-0.075
29.977,44.9,-110.089,0.75,0.25,-0.075
29.998,42.5641,-112.265,0.75,0.25,-0.075
30.019,40.183,-114.396,0.75,0.25,-0.075
30.039,37.8741,-116.385,0.75,0.25,-0.075
30.06,35.4075,-118.43,0.75,0.25,-0.075
30.081,32.8984,-120.433,0.75,0.25,-0.075
30.102,30.3476,-122.394,0.75,0.25,-0.075
30.123,27.7561,-124.315,0.75,0.25,-0.075
30.144,25.1248,-126.195,0.75,0.25,-0.075
30.164,22.5824,-127.95,0.75,0.25,-0.075
30.185,19.8755,-129.755,0.75,0.25,-0.075
30.206,17.1311,-131.523,0.75,0.25,-0.075
30.227,14.3501,-133.254,0.75,0.25,-0.075
30.248,11.533,-134.949,0.75,0.25,-0.075
30.269,8.68076,-136.609,0.75,0.25,-0.075
30.289,5.93228,-138.157,0.75,0.25,-0.075
30.31,3.01339,-139.751,0.75,0.25,-0.075
30.331,0.0614044,-141.311,0.75,0.25,-0.075
30.352,-2.92298,-142.838,0.75,0.25,-0.075
30.373,-5.9391,-144.334,0.75,0.25,-0.075
30.394,-8.98628,-145.799,0.75,0.25,-0.075
30.414,-11.9167,-147.166,0.75,0.25,-0.075
30.435,-15.0227,-148.572,0.75,0.25,-0.075
30.456,-18.1579,-149.949,0.75,0.25,-0.075
30.477,-21.3217,-151.297,0.75,0.25,-0.075
30.498,-24.5135,-152.617,0.75,0.25,-0.075
30.519,-27.7327,-153.91,0.75,0.25,-0.075
30.539,-30.8236,-155.116,0.75,0.25,-0.075
30.56,-34.0948,-156.357,0.75,0.25,-0.075
30.581,-37.3917,-157.572,0.75,0.25,-0.075
30.602,-40.7138,-158.762,0.75,0.25,-0.075
30.623,-44.0607,-159.927,0.75,0.25,-0.075
30.644,-47.4318,-161.068,0.75,0.25,-0.075
30.664,-50.6643,-162.133,0.75,0.25,-0.075
30.685,-54.0812,-163.228,0.75,0.25,-0.075
30.706,-57.5209,-164.301,0.75,0.25,-0.075
30.727,-60.9828,-165.351,0.75,0.25,-0.075
30.748,-64.4665,-166.379,0.75,0.25,-0.075
30.769,-67.9715,-167.386,0.75,0.25,-0.075
30.789,-71.3292,-168.326,0.75,0.25,-0.075
30.81,-74.8747,-169.292,0.75,0.25,-0.075
30.831,-78.4403,-170.239,0.75,0.25,-0.075
30.852,-82.0255,-171.165,0.75,0.25,-0.075
30.873,-85.63,-172.073,0.75,0.25,-0.075
30.894,-89.2533,-172.962,0.75,0.25,-0.075
30.914,-90.0002,1.63319e-12,0.75,0.25,-0.075
30.935,-90.0002,1.63319e-12,0.75,0.25,-0.075
30.956,-90.0002,1.63319e-12,0.75,0.25,-0.075
30.977,-90.0002,1.63319e-12,0.75,0.25,-0.075
30.998,-90.0002,1.63319e-12,0.75,0.25,-0.075
31.019,-90.0002,1.63319e-12,0.75,0.25,-0.075
31.039,-90.0002,1.63319e-12,0.75,0.25,-0.075
31.06,-90.0002,1.63319e-12,0.75,0.25,-0.075
31.081,-90.0002,-3.63468e-12,0.726,0.273,-0.06795
31.102,-90.0002,3.39042e-12,0.703,0.296,-0.06105
31.123,-90.0002,-2.30672e-12,0.68,0.319,-0.05415
31.144,-90.0002,1.1587e-11,0.649,0.35,-0.04485
31.164,-90.0002,4.17269e-12,0.628,0.371,-0.03855
31.185,-90.0002,-4.95877e-12,0.609,0.39,-0.03285
31.206,-90.0002,-2.22657e-12,0.591,0.408,-0.02745
31.227,-90.0002,5.05596e-13,0.573,0.426,-0.02205
31.248,-90.0002,3.23779e-12,0.555,0.444,-0.01665
31.269,-90.0002,4.25282e-12,0.539,0.46,-0.01185
31.289,-90.0002,5.26785e-12,0.523,0.476,-0.00705
31.31,-90.0002,5.42431e-12,0.508,0.491,-0.00255
31.331,-89.9998,0.0670927,0.486,0.513,0.00405
31.352,-89.9953,0.388713,0.473,0.526,0.00795
31.373,-89.9814,0.949371,0.459,0.54,0.01215
31.394,-89.953,1.75506,0.447,0.552,0.01575
31.414,-89.9082,2.71577,0.435,0.564,0.01935
31.435,-89.8382,3.92852,0.423,0.576,0.02295
31.456,-89.7384,5.59269,0.392,0.607,0.03225
31.477,-89.5994,7.58721,0.377,0.622,0.03675
31.498,-89.4165,9.75272,0.366,0.633,0.04005
31.519,-89.1863,12.0875,0.35,0.649,0.04485
31.539,-88.9199,14.451,0.34,0.659,0.04785
31.56,-88.5879,17.0639,0.331,0.668,0.05055
31.581,-88.1993,19.9965,0.262,0.737,0.07125
31.602,-87.7359,23.9785,0.25,0.75,0.075
31.623,-87.1885,27.9433,0.25,0.75,0.075
31.644,-86.5589,31.8257,0.25,0.75,0.075
31.664,-85.8842,35.4482,0.25,0.75,0.075
31.685,-85.0987,39.1747,0.25,0.75,0.075
31.706,-84.2357,42.8238,0.25,0.75,0.075
31.727,-83.297,46.3971,0.25,0.75,0.075
31.748,-82.284,49.8962,0.25,0.75,0.075
31.769,-81.1984,53.3226,0.25,0.75,0.075
31.789,-80.0983,56.5196,0.25,0.75,0.075
31.81,-78.8751,59.8085,0.25,0.75,0.075
31.831,-77.5835,63.029,0.25,0.75,0.075
31.852,-76.2251,66.1826,0.25,0.75,0.075
31.873,-74.8012,69.2707,0.25,0.75,0.075
31.894,-73.3132,72.2947,0.25,0.75,0.075
31.914,-71.8375,75.1163,0.25,0.75,0.075
31.935,-70.2281,78.0189,0.25,0.75,0.075
31.956,-68.5583,80.8611,0.25,0.75,0.075
31.977,-66.8295,83.6444,0.25,0.75,0.075
31.998,-65.0429,86.3698,0.25,0.75,0.075
32.019,-63.1997,89.0386,0.25,0.75,0.075
32.039,-61.3927,91.5288,0.25,0.75,0.075
32.06,-59.4423,94.0905,0.25,0.75,0.075
32.081,-57.4387,96.5989,0.25,0.75,0.075
32.102,-55.383,99.0553,0.25,0.75,0.075
32.122,-53.3778,101.347,0.25,0.75,0.075
32.142,-51.3272,103.594,0.25,0.75,0.075
32.163,-49.1262,105.905,0.25,0.75,0.075
32.183,-46.9854,108.061,0.25,0.75,0.075
32.203,-44.8019,110.175,0.25,0.75,0.075
32.224,-42.4642,112.349,0.25,0.75,0.075
32.244,-40.1959,114.378,0.25,0.75,0.075
32.264,-37.8873,116.367,0.25,0.75,0.075
32.285,-35.4211,118.413,0.25,0.75,0.075
32.305,-33.0327,120.321,0.25,0.75,0.075
32.325,-30.6066,122.192,0.25,0.75,0.075
32.346,-28.0193,124.117,0.25,0.75,0.075
32.366,-25.518,125.913,0.25,0.75,0.075
32.386,-22.9812,127.674,0.25,0.75,0.075
32.407,-20.2801,129.484,0.25,0.75,0.075
32.427,-17.6726,131.174,0.25,0.75,0.075
32.447,-15.0317,132.83,0.25,0.75,0.075
32.468,-12.2234,134.534,0.25,0.75,0.075
32.489,-9.3798,136.203,0.25,0.75,0.075
32.509,-6.63935,137.759,0.25,0.75,0.075
32.529,-3.8681,139.285,0.25,0.75,0.075
32.55,-0.925781,140.855,0.25,0.75,0.075
32.57,1.90675,142.32,0.25,0.75,0.075
32.59,4.76826,143.755,0.25,0.75,0.075
32.611,7.80342,145.232,0.25,0.75,0.075
32.631,10.7226,146.61,0.25,0.75,0.075
32.651,13.669,147.961,0.25,0.75,0.075
32.672,16.7915,149.35,0.25,0.75,0.075
32.692,19.7922,150.647,0.25,0.75,0.075
32.712,22.8185,151.918,0.25,0.75,0.075
32.733,26.0232,153.225,0.25,0.75,0.075
32.753,29.1006,154.445,0.25,0.75,0.075
32.773,32.2021,155.641,0.25,0.75,0.075
32.794,35.4841,156.871,0.25,0.75,0.075
32.814,38.6336,158.018,0.25,0.75,0.075
32.834,41.8058,159.143,0.25,0.75,0.075
32.855,45.1606,160.301,0.25,0.75,0.075
32.875,48.378,161.38,0.25,0.75,0.075
32.895,51.6167,162.439,0.25,0.75,0.075
32.916,55.04,163.528,0.25,0.75,0.075
32.936,58.3212,164.544,0.25,0.75,0.075
32.956,61.6226,165.539,0.25,0.75,0.075
32.977,65.1102,166.564,0.25,0.75,0.075
32.997,68.4516,167.52,0.25,0.75,0.075
33.017,71.8118,168.457,0.25,0.75,0.075
33.038,75.3601,169.42,0.25,0.75,0.075
33.058,78.7579,170.32,0.25,0.75,0.075
33.078,82.1736,171.201,0.25,0.75,0.075
33.099,85.7789,172.108,0.25,0.75,0.075
33.119,89.2299,172.954,0.25,0.75,0.075
33.139,90.0002,-1.63319e-12,0.25,0.75,0.075
33.16,90.0002,-1.63319e-12,0.25,0.75,0.075
33.18,90.0002,-1.63319e-12,0.25,0.75,0.075
33.2,90.0002,-1.63319e-12,0.25,0.75,0.075
33.221,90.0002,-1.63319e-12,0.25,0.75,0.075
33.241,90.0002,-1.63319e-12,0.25,0.75,0.075
33.261,90.0002,-1.63319e-12,0.25,0.75,0.075
33.282,90.0002,-1.63319e-12,0.25,0.75,0.075
33.302,90.0002,-1.63319e-12,0.25,0.75,0.075
33.322,90.0002,-1.63319e-12,0.25,0.75,0.075
33.343,90.0002,-1.63319e-12,0.25,0.75,0.075
33.364,90.0002,-1.63319e-12,0.25,0.75,0.075
33.384,90.0002,-1.63319e-12,0.25,0.75,0.075
33.404,90.0002,-1.66583e-11,0.267,0.732,0.06975
33.425,90.0002,1.76103e-12,0.29,0.709,0.06285
33.445,90.0002,-5.26404e-12,0.313,0.686,0.05595
33.465,90.0002,1.29168e-12,0.335,0.664,0.04935
33.486,90.0002,-3.15764e-12,0.355,0.644,0.04335
33.506,90.0002,5.11521e-12,0.375,0.624,0.03735
33.526,90.0002,6.65879e-13,0.395,0.604,0.03135
33.547,90.0002,-2.06632e-12,0.413,0.586,0.02595
33.567,90.0002,-4.7985e-12,0.431,0.568,0.02055
33.587,90.0002,6.05011e-12,0.448,0.551,0.01545
33.608,90.0002,5.03509e-12,0.464,0.535,0.01065
33.628,90.0002,4.02005e-12,0.48,0.519,0.00585
33.648,90.0002,3.8636e-12,0.495,0.504,0.00135
33.669,89.9995,-0.0942926,0.509,0.49,-0.00285
33.689,89.9944,-0.432915,0.523,0.476,-0.00705
33.709,89.98,-1.00297,0.537,0.462,-0.01125
33.73,89.9502,-1.8296,0.556,0.443,-0.01695
33.75,89.9035,-2.82111,0.568,0.431,-0.02055
33.77,89.835,-4.00049,0.579,0.42,-0.02385
33.791,89.7357,-5.42366,0.591,0.408,-0.02745
33.811,89.6115,-6.94103,0.601,0.398,-0.03045
33.831,89.4556,-8.5968,0.612,0.387,-0.03375
33.852,89.2543,-10.5076,0.621,0.378,-0.03645
33.872,89.024,-12.4516,0.631,0.368,-0.03945
33.892,88.7535,-14.5145,0.64,0.359,-0.04215
33.913,88.4238,-16.8014,0.649,0.35,-0.04485
33.933,88.0639,-19.0937,0.657,0.342,-0.04725
33.953,87.6463,-22.6875,0.75,0.25,-0.075
33.974,87.1258,-26.679,0.75,0.25,-0.075
33.994,86.553,-30.4034,0.75,0.25,-0.075
34.014,85.9065,-34.0541,0.75,0.25,-0.075
34.035,85.1499,-37.8095,0.75,0.25,-0.075
34.055,84.3568,-41.3136,0.75,0.25,-0.075
34.075,83.4943,-44.7483,0.75,0.25,-0.075
34.096,82.5156,-48.2817,0.75,0.25,-0.075
34.116,81.5153,-51.5785,0.75,0.25,-0.075
34.136,80.4497,-54.8101,0.75,0.25,-0.075
34.157,79.2619,-58.1344,0.75,0.25,-0.075
34.177,78.0666,-61.2362,0.75,0.25,-0.075
34.197,76.8098,-64.2767,0.75,0.25,-0.075
34.218,75.4255,-67.4044,0.75,0.25,-0.075
34.239,73.9762,-70.4671,0.75,0.25,-0.075
34.259,72.5368,-73.3249,0.75,0.25,-0.075
34.279,71.0408,-76.1261,0.75,0.25,-0.075
34.3,69.4103,-79.0076,0.75,0.25,-0.075
34.32,67.8018,-81.6964,0.75,0.25,-0.075
34.34,66.1402,-84.3319,0.75,0.25,-0.075
34.361,64.3393,-87.043,0.75,0.25,-0.075
34.381,62.5718,-89.5727,0.75,0.25,-0.075
34.401,60.7542,-92.0523,0.75,0.25,-0.075
34.422,58.7929,-94.6031,0.75,0.25,-0.075
34.442,56.8758,-96.9831,0.75,0.25,-0.075
34.462,54.9116,-99.3161,0.75,0.25,-0.075
34.483,52.7994,-101.716,0.75,0.25,-0.075
34.503,50.7415,-103.955,0.75,0.25,-0.075
34.523,48.6393,-106.15,0.75,0.25,-0.075
34.544,46.3852,-108.408,0.75,0.25,-0.075
34.564,44.1949,-110.515,0.75,0.25,-0.075
34.584,41.9628,-112.58,0.75,0.25,-0.075
34.605,39.5752,-114.705,0.75,0.25,-0.075
34.625,37.2602,-116.687,0.75,0.25,-0.075
34.645,34.906,-118.63,0.75,0.25,-0.075
34.666,32.3927,-120.629,0.75,0.25,-0.075
34.686,29.9605,-122.493,0.75,0.25,-0.075
34.706,27.4914,-124.322,0.75,0.25,-0.075
34.727,24.8599,-126.202,0.75,0.25,-0.075
34.747,22.3174,-127.957,0.75,0.25,-0.075
34.767,19.7401,-129.677,0.75,0.25,-0.075
34.788,16.9974,-131.446,0.75,0.25,-0.075
34.808,14.3511,-133.097,0.75,0.25,-0.075
34.828,11.6721,-134.715,0.75,0.25,-0.075
34.849,8.8247,-136.38,0.75,0.25,-0.075
34.869,6.08075,-137.933,0.75,0.25,-0.075
34.889,3.30605,-139.455,0.75,0.25,-0.075
34.91,0.360201,-141.022,0.75,0.25,-0.075
34.93,-2.47562,-142.483,0.75,0.25,-0.075
34.95,-5.34037,-143.915,0.75,0.25,-0.075
34.971,-8.37886,-145.389,0.75,0.25,-0.075
34.991,-11.3011,-146.764,0.75,0.25,-0.075
35.011,-14.2506,-148.112,0.75,0.25,-0.075
35.032,-17.3762,-149.498,0.75,0.25,-0.075
35.052,-20.3798,-150.792,0.75,0.25,-0.075
35.072,-23.409,-152.06,0.75,0.25,-0.075
35.093,-26.6167,-153.364,0.75,0.25,-0.075
35.114,-29.8514,-154.641,0.75,0.25,-0.075
35.134,-32.9568,-155.833,0.75,0.25,-0.075
35.154,-36.0857,-157.001,0.75,0.25,-0.075
35.175,-39.396,-158.203,0.75,0.25,-0.075
35.195,-42.5719,-159.324,0.75,0.25,-0.075
35.215,-45.77,-160.423,0.75,0.25,-0.075
35.236,-49.1513,-161.554,0.75,0.25,-0.075
35.256,-52.3935,-162.609,0.75,0.25,-0.075
35.276,-55.6566,-163.643,0.75,0.25,-0.075
35.297,-59.1049,-164.707,0.75,0.25,-0.075
35.317,-62.4095,-165.7,0.75,0.25,-0.075
35.337,-65.7337,-166.673,0.75,0.25,-0.075
35.358,-69.2449,-167.673,0.75,0.25,-0.075
35.378,-72.6082,-168.607,0.75,0.25,-0.075
35.398,-75.99,-169.523,0.75,0.25,-0.075
35.419,-79.5603,-170.464,0.75,0.25,-0.075
35.439,-82.9789,-171.343,0.75,0.25,-0.075
35.459,-86.4148,-172.204,0.75,0.25,-0.075
35.48,-90.0002,-132.414,0.75,0.25,-0.075
35.5,-90.0002,1.63319e-12,0.75,0.25,-0.075
35.52,-90.0002,1.63319e-12,0.75,0.25,-0.075
35.541,-90.0002,1.63319e-12,0.75,0.25,-0.075
35.561,-90.0002,1.63319e-12,0.75,0.25,-0.075
35.581,-90.0002,1.63319e-12,0.75,0.25,-0.075
35.602,-90.0002,1.63319e-12,0.75,0.25,-0.075
35.622,-90.0002,1.63319e-12,0.75,0.25,-0.075
35.642,-90.0002,1.63319e-12,0.75,0.25,-0.075
35.663,-90.0002,-6.21038e-12,0.729,0.27,-0.06885
35.683,-90.0002,1.67329e-12,0.705,0.294,-0.06165
35.703,-90.0002,-4.88245e-12,0.683,0.316,-0.05505
35.724,-90.0002,9.86983e-12,0.651,0.348,-0.04545
35.744,-90.0002,1.59696e-12,0.631,0.368,-0.03945
35.764,-90.0002,6.0463e-12,0.611,0.388,-0.03345
35.785,-90.0002,-3.08516e-12,0.592,0.407,-0.02775
35.805,-90.0002,-1.21156e-12,0.575,0.424,-0.02265
35.825,-90.0002,1.52063e-12,0.557,0.442,-0.01725
35.846,-90.0002,2.53567e-12,0.541,0.458,-0.01245
35.866,-90.0002,3.55069e-12,0.525,0.474,-0.00765
35.886,-90.0002,3.70715e-12,0.51,0.489,-0.00315
35.907,-90.0001,0.0269643,0.495,0.504,0.00135
35.927,-89.9977,0.246276,0.481,0.518,0.00555
35.947,-89.9884,0.699382,0.467,0.532,0.00975
35.968,-89.9664,1.40487,0.454,0.545,0.01365
35.989,-89.9269,2.34126,0.442,0.557,0.01725
36.009,-89.8689,3.42632,0.43,0.569,0.02085
36.029,-89.7873,4.69401,0.418,0.581,0.02445
36.05,-89.6709,6.43274,0.377,0.622,0.03675
36.07,-89.5212,8.45916,0.366,0.633,0.04005
36.09,-89.3295,10.6326,0.355,0.644,0.04335
36.111,-89.0797,13.0596,0.345,0.654,0.04635
36.131,-88.7931,15.5059,0.335,0.664,0.04935
36.151,-88.4563,18.074,0.325,0.674,0.05235
36.172,-88.0459,20.8947,0.316,0.683,0.05505
36.192,-87.5927,24.4529,0.25,0.75,0.075
36.212,-87.0639,28.2213,0.25,0.75,0.075
36.233,-86.4285,32.0979,0.25,0.75,0.075
36.253,-85.7484,35.715,0.25,0.75,0.075
36.273,-84.9968,39.2606,0.25,0.75,0.075
36.294,-84.1321,42.9079,0.25,0.75,0.075
36.314,-83.238,46.3111,0.25,0.75,0.075
36.334,-82.2767,49.6469,0.25,0.75,0.075
36.355,-81.1962,53.0785,0.25,0.75,0.075
36.375,-80.1009,56.2804,0.25,0.75,0.075
36.395,-78.9423,59.4189,0.25,0.75,0.075
36.416,-77.6588,62.6475,0.25,0.75,0.075
36.436,-76.3742,65.66,0.25,0.75,0.075
36.456,-75.0299,68.6129,0.25,0.75,0.075
36.477,-73.5555,71.6505,0.25,0.75,0.075
36.497,-72.0926,74.4848,0.25,0.75,0.075
36.517,-70.5736,77.2631,0.25,0.75,0.075
36.538,-68.9196,80.121,0.25,0.75,0.075
36.558,-67.2891,82.7877,0.25,0.75,0.075
36.578,-65.6058,85.4016,0.25,0.75,0.075
36.599,-63.7827,88.0905,0.25,0.75,0.075
36.619,-61.9944,90.5995,0.25,0.75,0.075
36.639,-60.1565,93.0588,0.25,0.75,0.075
36.66,-58.1744,95.5887,0.25,0.75,0.075
36.68,-56.2377,97.9492,0.25,0.75,0.075
36.7,-54.2544,100.263,0.25,0.75,0.075
36.721,-52.1226,102.643,0.25,0.75,0.075
36.741,-50.0463,104.864,0.25,0.75,0.075
36.761,-47.9261,107.041,0.25,0.75,0.075
36.782,-45.6535,109.281,0.25,0.75,0.075
36.802,-43.4459,111.37,0.25,0.75,0.075
36.822,-41.1969,113.418,0.25,0.75,0.075
36.843,-38.7919,115.525,0.25,0.75,0.075
36.864,-36.3431,117.589,0.25,0.75,0.075
36.884,-33.971,119.514,0.25,0.75,0.075
36.904,-31.5609,121.401,0.25,0.75,0.075
36.925,-28.99,123.342,0.25,0.75,0.075
36.945,-26.5041,125.153,0.25,0.75,0.075
36.965,-23.9824,126.929,0.25,0.75,0.075
36.986,-21.2967,128.755,0.25,0.75,0.075
37.006,-18.7036,130.459,0.25,0.75,0.075
37.026,-16.0769,132.13,0.25,0.75,0.075
37.047,-13.2832,133.848,0.25,0.75,0.075
37.067,-10.5893,135.451,0.25,0.75,0.075
37.087,-7.86375,137.023,0.25,0.75,0.075
37.108,-4.96843,138.64,0.25,0.75,0.075
37.128,-2.17975,140.148,0.25,0.75,0.075
37.148,0.638792,141.627,0.25,0.75,0.075
37.169,3.62974,143.148,0.25,0.75,0.075
37.189,6.50765,144.567,0.25,0.75,0.075
37.209,9.41365,145.958,0.25,0.75,0.075
37.23,12.4946,147.389,0.25,0.75,0.075
37.25,15.4564,148.725,0.25,0.75,0.075
37.27,18.4447,150.034,0.25,0.75,0.075
37.291,21.6103,151.38,0.25,0.75,0.075
37.311,24.6511,152.637,0.25,0.75,0.075
37.331,27.7168,153.868,0.25,0.75,0.075
37.352,30.962,155.135,0.25,0.75,0.075
37.372,34.0772,156.317,0.25,0.75,0.075
37.392,37.2157,157.475,0.25,0.75,0.075
37.413,40.5358,158.667,0.25,0.75,0.075
37.433,43.7209,159.78,0.25,0.75,0.075
37.453,46.928,160.87,0.25,0.75,0.075
37.474,50.3186,161.991,0.25,0.75,0.075
37.494,53.5695,163.037,0.25,0.75,0.075
37.514,56.841,164.063,0.25,0.75,0.075
37.535,60.298,165.118,0.25,0.75,0.075
37.555,63.6107,166.103,0.25,0.75,0.075
37.575,66.9429,167.068,0.25,0.75,0.075
37.596,70.4623,168.06,0.25,0.75,0.075
37.616,73.8333,168.986,0.25,0.75,0.075
37.636,77.2225,169.894,0.25,0.75,0.075
37.657,80.8006,170.828,0.25,0.75,0.075
37.677,84.2264,171.7,0.25,0.75,0.075
37.697,87.6694,172.554,0.25,0.75,0.075
37.718,90.0002,-1.63319e-12,0.25,0.75,0.075
37.739,90.0002,-1.63319e-12,0.25,0.75,0.075
37.759,90.0002,-1.63319e-12,0.25,0.75,0.075
37.779,90.0002,-1.63319e-12,0.25,0.75,0.075
37.8,90.0002,-1.63319e-12,0.25,0.75,0.075
37.82,90.0002,-1.63319e-12,0.25,0.75,0.075
37.84,90.0002,-1.63319e-12,0.25,0.75,0.075
37.861,90.0002,-1.63319e-12,0.25,0.75,0.075
37.881,90.0002,4.6497e-12,0.257,0.742,0.07275
37.901,90.0002,-3.23398e-12,0.281,0.718,0.06555
37.922,90.0002,2.46317e-12,0.304,0.695,0.05865
37.942,90.0002,-3.70333e-12,0.326,0.673,0.05205
37.962,90.0002,3.71096e-12,0.347,0.652,0.04575
37.983,90.0002,-7.38361e-13,0.367,0.632,0.03975
38.003,90.0002,-5.18772e-12,0.387,0.612,0.03375
38.023,90.0002,4.80231e-12,0.405,0.594,0.02835
38.044,90.0002,-5.65708e-12,0.432,0.567,0.02025
38.064,90.0002,5.19153e-12,0.449,0.55,0.01515
38.084,90.0002,4.1765e-12,0.465,0.534,0.01035
38.105,90.0002,3.16147e-12,0.481,0.518,0.00555
38.125,90.0002,3.00502e-12,0.496,0.503,0.00105
38.145,89.9999,-0.0598104,0.51,0.489,-0.00315
38.166,89.9957,-0.369803,0.525,0.474,-0.00765
38.186,89.9831,-0.902952,0.538,0.461,-0.01155
38.206,89.9576,-1.65265,0.551,0.448,-0.01545
38.227,89.9122,-2.66049,0.563,0.436,-0.01905
38.247,89.8473,-3.81078,0.575,0.424,-0.02265
38.267,89.7575,-5.12793,0.586,0.413,-0.02595
38.288,89.6321,-6.86536,0.62,0.379,-0.03615
38.308,89.4728,-9.0093,0.64,0.359,-0.04215
38.328,89.2681,-11.3563,0.651,0.348,-0.04545
38.349,89.0012,-13.9612,0.662,0.337,-0.04875
38.369,88.6946,-16.5853,0.677,0.322,-0.05325
38.389,88.3343,-19.3267,0.686,0.313,-0.05595
38.41,87.8958,-22.3143,0.696,0.303,-0.05895
38.43,87.4153,-25.7632,0.75,0.25,-0.075
38.45,86.8607,-29.5057,0.75,0.25,-0.075
38.471,86.1985,-33.3557,0.75,0.25,-0.075
38.491,85.4936,-36.9479,0.75,0.25,-0.075
38.511,84.7175,-40.469,0.75,0.25,-0.075
38.532,83.8277,-44.0912,0.75,0.25,-0.075
38.552,82.9103,-47.471,0.75,0.25,-0.075
38.572,81.926,-50.7839,0.75,0.25,-0.075
38.593,80.8219,-54.1918,0.75,0.25,-0.075
38.614,79.647,-57.529,0.75,0.25,-0.075
38.634,78.4637,-60.6428,0.75,0.25,-0.075
38.654,77.2187,-63.695,0.75,0.25,-0.075
38.675,75.8464,-66.8348,0.75,0.25,-0.075
38.695,74.4789,-69.7644,0.75,0.25,-0.075
38.715,73.0533,-72.6361,0.75,0.25,-0.075
38.736,71.4954,-75.5902,0.75,0.25,-0.075
38.756,69.9545,-78.3465,0.75,0.25,-0.075
38.776,68.3591,-81.0483,0.75,0.25,-0.075
38.797,66.6265,-83.8276,0.75,0.25,-0.075
38.817,64.9226,-86.421,0.75,0.25,-0.075
38.837,63.1674,-88.963,0.75,0.25,-0.075
38.858,61.2703,-91.5779,0.75,0.25,-0.075
38.878,59.413,-94.0178,0.75,0.25,-0.075
38.898,57.5075,-96.4095,0.75,0.25,-0.075
38.919,55.4557,-98.8698,0.75,0.25,-0.075
38.939,53.4542,-101.165,0.75,0.25,-0.075
38.959,51.4072,-103.416,0.75,0.25,-0.075
38.98,49.2099,-105.73,0.75,0.25,-0.075
39,47.0725,-107.89,0.75,0.25,-0.075
39.02,44.8924,-110.007,0.75,0.25,-0.075
39.041,42.5582,-112.185,0.75,0.25,-0.075
39.061,40.2931,-114.217,0.75,0.25,-0.075
39.081,37.9878,-116.209,0.75,0.25,-0.075
39.102,35.5248,-118.258,0.75,0.25,-0.075
39.122,33.1395,-120.17,0.75,0.25,-0.075
39.142,30.7164,-122.044,0.75,0.25,-0.075
39.163,28.1322,-123.972,0.75,0.25,-0.075
39.183,25.6338,-125.771,0.75,0.25,-0.075
39.203,23.0998,-127.534,0.75,0.25,-0.075
39.224,20.4016,-129.348,0.75,0.25,-0.075
39.244,17.7968,-131.04,0.75,0.25,-0.075
39.264,15.1585,-132.699,0.75,0.25,-0.075
39.285,12.353,-134.405,0.75,0.25,-0.075
39.305,9.64813,-135.998,0.75,0.25,-0.075
39.325,6.91173,-137.559,0.75,0.25,-0.075
39.346,4.00528,-139.164,0.75,0.25,-0.075
39.366,1.20622,-140.662,0.75,0.25,-0.075
39.386,-1.6225,-142.131,0.75,0.25,-0.075
39.407,-4.62392,-143.641,0.75,0.25,-0.075
39.427,-7.51159,-145.051,0.75,0.25,-0.075
39.447,-10.4272,-146.432,0.75,0.25,-0.075
39.468,-13.5179,-147.854,0.75,0.25,-0.075
39.489,-16.6382,-149.246,0.75,0.25,-0.075
39.509,-19.6368,-150.544,0.75,0.25,-0.075
39.529,-22.6611,-151.817,0.75,0.25,-0.075
39.55,-25.8637,-153.126,0.75,0.25,-0.075
39.57,-28.9391,-154.348,0.75,0.25,-0.075
39.59,-32.0387,-155.546,0.75,0.25,-0.075
39.611,-35.3187,-156.778,0.75,0.25,-0.075
39.631,-38.4664,-157.927,0.75,0.25,-0.075
39.651,-41.6368,-159.054,0.75,0.25,-0.075
39.672,-44.9898,-160.213,0.75,0.25,-0.075
39.692,-48.2054,-161.295,0.75,0.25,-0.075
39.712,-51.4425,-162.355,0.75,0.25,-0.075
39.733,-54.864,-163.445,0.75,0.25,-0.075
39.753,-58.1436,-164.463,0.75,0.25,-0.075
39.773,-61.4434,-165.46,0.75,0.25,-0.075
39.794,-64.9293,-166.486,0.75,0.25,-0.075
39.814,-68.2692,-167.444,0.75,0.25,-0.075
39.834,-71.6279,-168.382,0.75,0.25,-0.075
39.855,-75.1746,-169.348,0.75,0.25,-0.075
39.875,-78.571,-170.248,0.75,0.25,-0.075
39.895,-81.9853,-171.131,0.75,0.25,-0.075
39.916,-85.5891,-172.04,0.75,0.25,-0.075
39.936,-89.0388,-172.887,0.75,0.25,-0.075
39.956,-90.0002,1.63319e-12,0.75,0.25,-0.075
39.977,-90.0002,1.63319e-12,0.75,0.25,-0.075
39.997,-90.0002,1.63319e-12,0.75,0.25,-0.075
40.017,-90.0002,1.63319e-12,0.75,0.25,-0.075
40.038,-90.0002,1.63319e-12,0.75,0.25,-0.075
40.058,-90.0002,1.63319e-12,0.75,0.25,-0.075
40.078,-90.0002,1.63319e-12,0.75,0.25,-0.075
40.099,-90.0002,1.63319e-12,0.75,0.25,-0.075
40.119,-90.0002,1.63319e-12,0.75,0.25,-0.075
40.139,-90.0002,1.63319e-12,0.75,0.25,-0.075
40.16,-90.0002,1.63319e-12,0.75,0.25,-0.075
40.18,-90.0002,1.63319e-12,0.75,0.25,-0.075
40.2,-90.0002,1.63319e-12,0.75,0.25,-0.075
40.221,-90.0002,1.63319e-12,0.75,0.25,-0.075
40.241,-90.0002,1.63319e-12,0.75,0.25,-0.075
40.261,-90.0002,1.63319e-12,0.75,0.25,-0.075
40.282,-90.0002,1.63319e-12,0.75,0.25,-0.075
40.302,-90.0002,1.63319e-12,0.75,0.25,-0.075
40.322,-90.0002,1.63319e-12,0.75,0.25,-0.075
40.343,-90.0002,1.63319e-12,0.75,0.25,-0.075
40.364,-90.0002,1.63319e-12,0.75,0.25,-0.075
40.384,-90.0002,1.63319e-12,0.75,0.25,-0.075
40.404,-90.0002,1.63319e-12,0.75,0.25,-0.075
40.425,-90.0002,1.63319e-12,0.75,0.25,-0.075
40.445,-90.0002,1.63319e-12,0.75,0.25,-0.075
40.465,-90.0002,1.63319e-12,0.75,0.25,-0.075
40.486,-90.0002,1.63319e-12,0.75,0.25,-0.075
40.506,-90.0002,1.63319e-12,0.75,0.25,-0.075
40.526,-90.0002,1.63319e-12,0.75,0.25,-0.075
40.547,-90.0002,1.63319e-12,0.75,0.25,-0.075
40.567,-90.0002,1.63319e-12,0.75,0.25,-0.075
40.587,-90.0002,1.63319e-12,0.75,0.25,-0.075
40.608,-90.0002,1.63319e-12,0.75,0.25,-0.075
40.628,-90.0002,1.63319e-12,0.75,0.25,-0.075
40.648,-90.0002,1.63319e-12,0.75,0.25,-0.075
40.669,-90.0002,1.63319e-12,0.75,0.25,-0.075
40.689,-90.0002,1.63319e-12,0.75,0.25,-0.075
40.709,-90.0002,1.63319e-12,0.75,0.25,-0.075
40.73,-90.0002,1.63319e-12,0.75,0.25,-0.075
40.75,-90.0002,1.63319e-12,0.75,0.25,-0.075
40.77,-90.0002,1.63319e-12,0.75,0.25,-0.075
40.791,-90.0002,1.63319e-12,0.75,0.25,-0.075
40.811,-90.0002,1.63319e-12,0.75,0.25,-0.075
40.831,-90.0002,1.63319e-12,0.75,0.25,-0.075
40.852,-90.0002,1.63319e-12,0.75,0.25,-0.075
40.872,-90.0002,1.63319e-12,0.75,0.25,-0.075
40.892,-90.0002,1.63319e-12,0.75,0.25,-0.075
40.913,-90.0002,1.63319e-12,0.75,0.25,-0.075
40.933,-90.0002,1.63319e-12,0.75,0.25,-0.075
40.953,-90.0002,1.63319e-12,0.75,0.25,-0.075
40.974,-90.0002,1.63319e-12,0.75,0.25,-0.075
40.994,-90.0002,1.63319e-12,0.75,0.25,-0.075
41.014,-90.0002,1.63319e-12,0.75,0.25,-0.075
41.035,-90.0002,1.63319e-12,0.75,0.25,-0.075
41.055,-90.0002,1.63319e-12,0.75,0.25,-0.075
41.075,-90.0002,1.63319e-12,0.75,0.25,-0.075
41.096,-90.0002,1.63319e-12,0.75,0.25,-0.075
41.116,-90.0002,1.63319e-12,0.75,0.25,-0.075
41.136,-90.0002,1.63319e-12,0.75,0.25,-0.075
41.157,-90.0002,1.63319e-12,0.75,0.25,-0.075
41.177,-90.0002,1.63319e-12,0.75,0.25,-0.075
41.197,-90.0002,1.63319e-12,0.75,0.25,-0.075
41.218,-90.0002,1.63319e-12,0.75,0.25,-0.075
41.239,-90.0002,1.63319e-12,0.75,0.25,-0.075
41.259,-90.0002,1.63319e-12,0.75,0.25,-0.075
41.279,-90.0002,1.63319e-12,0.75,0.25,-0.075
41.3,-90.0002,1.63319e-12,0.75,0.25,-0.075
41.32,-90.0002,1.63319e-12,0.75,0.25,-0.075
41.34,-90.0002,1.63319e-12,0.75,0.25,-0.075
41.361,-90.0002,1.63319e-12,0.75,0.25,-0.075
41.381,-90.0002,1.63319e-12,0.75,0.25,-0.075
41.401,-90.0002,1.63319e-12,0.75,0.25,-0.075
41.422,-90.0002,1.63319e-12,0.75,0.25,-0.075
41.442,-90.0002,1.63319e-12,0.75,0.25,-0.075
41.462,-90.0002,1.63319e-12,0.75,0.25,-0.075
41.483,-90.0002,1.63319e-12,0.75,0.25,-0.075
41.503,-90.0002,1.63319e-12,0.75,0.25,-0.075
41.523,-90.0002,1.63319e-12,0.75,0.25,-0.075
41.544,-90.0002,1.63319e-12,0.75,0.25,-0.075
41.564,-90.0002,1.63319e-12,0.75,0.25,-0.075
41.584,-90.0002,1.63319e-12,0.75,0.25,-0.075
41.605,-90.0002,1.63319e-12,0.75,0.25,-0.075
41.625,-90.0002,1.63319e-12,0.75,0.25,-0.075
41.645,-90.0002,1.63319e-12,0.75,0.25,-0.075
41.666,-90.0002,1.63319e-12,0.75,0.25,-0.075
41.686,-90.0002,1.63319e-12,0.75,0.25,-0.075
41.706,-90.0002,1.63319e-12,0.75,0.25,-0.075
41.727,-90.0002,1.63319e-12,0.75,0.25,-0.075
41.747,-90.0002,1.63319e-12,0.75,0.25,-0.075
41.767,-90.0002,1.63319e-12,0.75,0.25,-0.075
41.788,-90.0002,1.63319e-12,0.75,0.25,-0.075
41.808,-90.0002,1.63319e-12,0.75,0.25,-0.075
41.828,-90.0002,1.63319e-12,0.75,0.25,-0.075
41.849,-90.0002,1.63319e-12,0.75,0.25,-0.075
41.869,-90.0002,1.63319e-12,0.75,0.25,-0.075
41.889,-90.0002,1.63319e-12,0.75,0.25,-0.075
41.91,-90.0002,1.63319e-12,0.75,0.25,-0.075
41.93,-90.0002,1.63319e-12,0.75,0.25,-0.075
41.95,-90.0002,1.63319e-12,0.75,0.25,-0.075
41.971,-90.0002,1.63319e-12,0.75,0.25,-0.075
41.991,-90.0002,1.63319e-12,0.75,0.25,-0.075
42.011,-90.0002,1.63319e-12,0.75,0.25,-0.075
42.032,-90.0002,1.63319e-12,0.75,0.25,-0.075
42.052,-90.0002,1.63319e-12,0.75,0.25,-0.075
42.072,-90.0002,1.63319e-12,0.75,0.25,-0.075
42.093,-90.0002,1.63319e-12,0.75,0.25,-0.075
42.114,-90.0002,1.63319e-12,0.75,0.25,-0.075
42.134,-90.0002,1.63319e-12,0.75,0.25,-0.075
42.154,-90.0002,1.63319e-12,0.75,0.25,-0.075
42.175,-90.0002,1.63319e-12,0.75,0.25,-0.075
42.195,-90.0002,1.63319e-12,0.75,0.25,-0.075
42.215,-90.0002,1.63319e-12,0.75,0.25,-0.075
42.236,-90.0002,1.63319e-12,0.75,0.25,-0.075
42.256,-90.0002,1.63319e-12,0.75,0.25,-0.075
42.276,-90.0002,1.63319e-12,0.75,0.25,-0.075
42.297,-90.0002,1.63319e-12,0.75,0.25,-0.075
42.317,-90.0002,1.63319e-12,0.75,0.25,-0.075
42.337,-90.0002,1.63319e-12,0.75,0.25,-0.075
42.358,-90.0002,1.63319e-12,0.75,0.25,-0.075
42.378,-90.0002,1.63319e-12,0.75,0.25,-0.075
42.398,-90.0002,1.63319e-12,0.75,0.25,-0.075
42.419,-90.0002,1.63319e-12,0.75,0.25,-0.075
42.439,-90.0002,1.63319e-12,0.75,0.25,-0.075
42.459,-90.0002,1.63319e-12,0.75,0.25,-0.075
42.48,-90.0002,1.63319e-12,0.75,0.25,-0.075
42.5,-90.0002,1.63319e-12,0.75,0.25,-0.075
42.52,-90.0002,1.63319e-12,0.75,0.25,-0.075
42.541,-90.0002,1.63319e-12,0.75,0.25,-0.075
42.561,-90.0002,1.63319e-12,0.75,0.25,-0.075
42.581,-90.0002,1.63319e-12,0.75,0.25,-0.075
42.602,-90.0002,1.63319e-12,0.75,0.25,-0.075
42.622,-90.0002,1.63319e-12,0.75,0.25,-0.075
42.642,-90.0002,1.63319e-12,0.75,0.25,-0.075
42.663,-90.0002,1.63319e-12,0.75,0.25,-0.075
42.683,-90.0002,1.63319e-12,0.75,0.25,-0.075
42.703,-90.0002,1.63319e-12,0.75,0.25,-0.075
42.724,-90.0002,1.63319e-12,0.75,0.25,-0.075
42.744,-90.0002,1.63319e-12,0.75,0.25,-0.075
42.764,-90.0002,1.63319e-12,0.75,0.25,-0.075
42.785,-90.0002,1.63319e-12,0.75,0.25,-0.075
42.805,-90.0002,1.63319e-12,0.75,0.25,-0.075
42.825,-90.0002,1.63319e-12,0.75,0.25,-0.075
42.846,-90.0002,1.63319e-12,0.75,0.25,-0.075
42.866,-90.0002,1.63319e-12,0.75,0.25,-0.075
42.886,-90.0002,1.63319e-12,0.75,0.25,-0.075
42.907,-90.0002,1.63319e-12,0.75,0.25,-0.075
42.927,-90.0002,1.63319e-12,0.75,0.25,-0.075
42.947,-90.0002,1.63319e-12,0.75,0.25,-0.075
42.968,-90.0002,1.63319e-12,0.75,0.25,-0.075
42.989,-90.0002,1.63319e-12,0.75,0.25,-0.075
43.009,-90.0002,1.63319e-12,0.75,0.25,-0.075
43.029,-90.0002,1.63319e-12,0.75,0.25,-0.075
43.05,-90.0002,1.63319e-12,0.75,0.25,-0.075
43.07,-90.0002,1.63319e-12,0.75,0.25,-0.075
43.09,-90.0002,1.63319e-12,0.75,0.25,-0.075
43.111,-90.0002,1.63319e-12,0.75,0.25,-0.075
43.131,-90.0002,1.63319e-12,0.75,0.25,-0.075
43.151,-90.0002,1.63319e-12,0.75,0.25,-0.075
43.172,-90.0002,1.63319e-12,0.75,0.25,-0.075
43.192,-90.0002,1.63319e-12,0.75,0.25,-0.075
43.212,-90.0002,1.63319e-12,0.75,0.25,-0.075
43.233,-90.0002,1.63319e-12,0.75,0.25,-0.075
43.253,-90.0002,1.63319e-12,0.75,0.25,-0.075
43.273,-90.0002,1.63319e-12,0.75,0.25,-0.075
43.294,-90.0002,1.63319e-12,0.75,0.25,-0.075
43.314,-90.0002,1.63319e-12,0.75,0.25,-0.075
43.334,-90.0002,1.63319e-12,0.75,0.25,-0.075
43.355,-90.0002,1.63319e-12,0.75,0.25,-0.075
43.375,-90.0002,1.63319e-12,0.75,0.25,-0.075
43.395,-90.0002,1.63319e-12,0.75,0.25,-0.075
43.416,-90.0002,1.63319e-12,0.75,0.25,-0.075
43.436,-90.0002,1.63319e-12,0.75,0.25,-0.075
43.456,-90.0002,1.63319e-12,0.75,0.25,-0.075
43.477,-90.0002,1.63319e-12,0.75,0.25,-0.075
43.497,-90.0002,1.63319e-12,0.75,0.25,-0.075
43.517,-90.0002,1.63319e-12,0.75,0.25,-0.075
43.538,-90.0002,1.63319e-12,0.75,0.25,-0.075
43.558,-90.0002,1.63319e-12,0.75,0.25,-0.075
43.578,-90.0002,1.63319e-12,0.75,0.25,-0.075
43.599,-90.0002,1.63319e-12,0.75,0.25,-0.075
43.619,-90.0002,1.63319e-12,0.75,0.25,-0.075
43.639,-90.0002,1.63319e-12,0.75,0.25,-0.075
43.66,-90.0002,1.63319e-12,0.75,0.25,-0.075
43.68,-90.0002,1.63319e-12,0.75,0.25,-0.075
43.7,-90.0002,1.63319e-12,0.75,0.25,-0.075
43.721,-90.0002,1.63319e-12,0.75,0.25,-0.075
43.741,-90.0002,1.63319e-12,0.75,0.25,-0.075
43.761,-90.0002,1.63319e-12,0.75,0.25,-0.075
43.782,-90.0002,1.63319e-12,0.75,0.25,-0.075
43.802,-90.0002,1.63319e-12,0.75,0.25,-0.075
43.822,-90.0002,1.63319e-12,0.75,0.25,-0.075
43.843,-90.0002,1.63319e-12,0.75,0.25,-0.075
43.864,-90.0002,1.63319e-12,0.75,0.25,-0.075
43.884,-90.0002,1.63319e-12,0.75,0.25,-0.075
43.904,-90.0002,1.63319e-12,0.75,0.25,-0.075
43.925,-90.0002,1.63319e-12,0.75,0.25,-0.075
43.945,-90.0002,1.63319e-12,0.75,0.25,-0.075
43.965,-90.0002,1.63319e-12,0.75,0.25,-0.075
43.986,-90.0002,1.63319e-12,0.75,0.25,-0.075
44.006,-90.0002,1.63319e-12,0.75,0.25,-0.075
44.026,-90.0002,1.63319e-12,0.75,0.25,-0.075
44.047,-90.0002,1.63319e-12,0.75,0.25,-0.075
44.067,-90.0002,1.63319e-12,0.75,0.25,-0.075
44.087,-90.0002,1.63319e-12,0.75,0.25,-0.075
44.108,-90.0002,1.63319e-12,0.75,0.25,-0.075
44.128,-90.0002,1.63319e-12,0.75,0.25,-0.075
44.148,-90.0002,1.63319e-12,0.75,0.25,-0.075
44.169,-90.0002,1.63319e-12,0.75,0.25,-0.075
44.189,-90.0002,1.63319e-12,0.75,0.25,-0.075
44.209,-90.0002,1.63319e-12,0.75,0.25,-0.075
44.23,-90.0002,1.63319e-12,0.75,0.25,-0.075
44.25,-90.0002,1.63319e-12,0.75,0.25,-0.075
44.27,-90.0002,1.63319e-12,0.75,0.25,-0.075
44.291,-90.0002,1.63319e-12,0.75,0.25,-0.075
44.311,-90.0002,1.63319e-12,0.75,0.25,-0.075
44.331,-90.0002,1.63319e-12,0.75,0.25,-0.075
44.352,-90.0002,1.63319e-12,0.75,0.25,-0.075
44.372,-90.0002,1.63319e-12,0.75,0.25,-0.075
44.392,-90.0002,1.63319e-12,0.75,0.25,-0.075
44.413,-90.0002,1.63319e-12,0.75,0.25,-0.075
44.433,-90.0002,1.63319e-12,0.75,0.25,-0.075
44.453,-90.0002,1.63319e-12,0.75,0.25,-0.075
44.474,-90.0002,1.63319e-12,0.75,0.25,-0.075
44.494,-90.0002,1.63319e-12,0.75,0.25,-0.075
44.514,-90.0002,1.63319e-12,0.75,0.25,-0.075
44.535,-90.0002,1.63319e-12,0.75,0.25,-0.075
44.555,-90.0002,1.63319e-12,0.75,0.25,-0.075
44.575,-90.0002,1.63319e-12,0.75,0.25,-0.075
44.596,-90.0002,1.63319e-12,0.75,0.25,-0.075
44.616,-90.0002,1.63319e-12,0.75,0.25,-0.075
44.636,-90.0002,1.63319e-12,0.75,0.25,-0.075
44.657,-90.0002,1.63319e-12,0.75,0.25,-0.075
44.677,-90.0002,1.63319e-12,0.75,0.25,-0.075
44.697,-90.0002,1.63319e-12,0.75,0.25,-0.075
44.718,-90.0002,1.63319e-12,0.75,0.25,-0.075
44.739,-90.0002,1.63319e-12,0.75,0.25,-0.075
44.759,-90.0002,1.63319e-12,0.75,0.25,-0.075
44.779,-90.0002,1.63319e-12,0.75,0.25,-0.075
44.8,-90.0002,1.63319e-12,0.75,0.25,-0.075
44.82,-90.0002,1.63319e-12,0.75,0.25,-0.075
44.84,-90.0002,1.63319e-12,0.75,0.25,-0.075
44.861,-90.0002,1.63319e-12,0.75,0.25,-0.075
